time,user,rating,comment,votes
2018-01-30 23:44:02,仲楚,4,紫霞仙子眨眼的一瞬惊艳，无忧无虑的至尊宝。至尊宝面对现实的两条路:不成大圣，我无法救你。成了大圣，我无法爱你。,2683
2010-07-26 18:41:26,罗弘霉素,5,一遍烂，两遍笑，三遍哭,14213
2006-10-07 10:48:36,Lan~die,5,经历过和正在经历着悟空式的命运和紫霞式的爱情，才发现生命的本质是以最低的姿态出现的。英雄？你为什么不问问做英雄的代价？  “想不到经过这五百年，我要找的并不是她，而是你。”人生际遇真是难以言喻。,6830
2008-01-01 19:41:02,Mona Lishark,5,有人跟我比赛背台词么,8683
2012-10-26 20:49:43,凉水,5,紫霞飘向太阳时、齐天大圣离开城门时，都哭成了傻逼。有多庆幸能踩着五彩祥云做你的盖世英雄，就有多遗憾没办法与你守护终身。喜欢的是五百年前的晶晶、还是给了自己三颗痣的紫霞；喜欢无拘无束敢爱敢恨的至尊宝、还是套上紧箍咒背影像狗的孙悟空？爱的命题究竟太空泛，恐怕还是要交给月光宝盒。,4777
2017-04-14 21:41:11,康报虹,5,坐我旁边的那个年近四十、西装革履的男人从电影刚开始就止不住眼泪，有些地方哭着笑出声。而他的年轻女伴从开头就一直低头玩手机、到经典场景就煞有介事地拍张照片、不到一半时一直嚷嚷着无聊，硬是把那个男人拉走了。,3849
2007-02-13 12:55:20,眠去,5,为什么越看越觉得悲伤,7102
2011-03-17 23:03:33,woodYA!!en,4,鲜花虽会凋谢，但会再开。一生所爱，隐约在白云外。苦海翻起爱恨，在世间难逃避命运。相亲竟不可接近，或我应该相信是命运。,1483
2009-02-03 05:27:31,小锡兵,5,我猜中了开头，却猜不到这结局。/ 20141024 在影院哭死,5286
2010-10-06 23:17:37,游牧人·芳汀,4,#电影院#  第二部就这样活生生地把周星驰塑造成了千古情圣，句句台词都催泪。反应了初恋之后男人遇到真爱（挚爱）的复杂心理。至尊宝其实真的很心软也很善良，怎能因为紫霞流了一滴眼泪就爱上了她，我到现在都还喜欢白晶晶啊。,729
2008-09-27 20:17:54,卷子乐子八子,5,一生所爱：我的意中人是个盖世英雄，有一天他会穿着金盔金甲，踩着七色的云彩来娶我。我猜中了前头，可是我猜不着这结局……,4289
2006-02-05 18:31:34,影志,5,任何时候任何场合都可以再看一遍的电影,4809
2015-12-27 07:08:31,野次馬,5,"盗用一句黄姐姐很喜欢的管风琴，""人能这么锲而不舍地轻佻，骨子里一定有哀世伤生的肃穆在支撑。""",2147
2006-04-22 13:09:37,林愈静,0,看了不下20遍，彻底看伤了。,1702
2013-02-23 01:39:35,甜甜甜甜甜甜甜,5,小时候看着笑，长大了看着哭。,3404
2006-12-22 20:41:27,Miss Lucky,4,其实很伤感,1027
2016-09-09 10:35:14,momo,4,我一直不知道她在心里留下了什么，原来是一滴眼泪,605
2010-07-06 12:52:25,瓦达西瓦又又又桑只爱这巧克力,5,因为你还没有遇到给你三颗痣的人,2045
2018-03-18 20:22:00,快乐人生,4,曾经有份真挚的感情摆在我面前，我不懂得珍惜，直到失去了才追悔莫及。人世间最痛苦的事莫过于此。如果上天给我一个再来一次的机会，我会对那个女孩说三个字: 我爱你，如果非要在这份爱上面加个期限，我希望是  ...一万年。,242
2017-04-10 06:35:31,俗在骨,3,我真的不欠谁的电影票 别跟我提情怀 你就是想圈钱,450
2016-12-23 19:10:41,雨果,4,至尊宝在救晶晶时光倒流的路上，爱上了紫霞的故事。紫霞天真的爱情真的很感人。经典台词也一堆。在心里留下了一滴眼泪；我猜到了开头猜不到结尾~~~问题是，至尊宝被晶晶她姐杀了，看到心里的眼泪，那里他不是死了么？虽然15年后重看，发现很多漏洞和粗糙，仍然瑕不掩瑜。,73
2018-01-17 13:48:26,豆辛瓜辛,4,好像一遍真的看不懂，可能阅历不够吧，什么时候看了第二遍第三遍…懂了后，我会再来。,76
2012-01-17 14:54:07,阅微草堂,1,只是一个应错阳差的片子，至于么？慢慢理解了流行其实就是一个蝴蝶效应,739
2017-04-15 20:55:34,西楼尘,3,那天我凤冠霞帔，你意气风发，驾七彩祥云却没来娶我。那日我大战群魔，你泪水涟涟，戴着紧箍圈却放了手。这一世品尝了所有爱恨苦楚，架着金箍棒转身。从此黄沙漫漫，再没有一个姑娘在脚底点上三颗痣，嚣叫着宣告主权。不会钻进心脏，流下明知南墙偏要撞的眼泪。从此后世流传我们相爱的秘闻，只有开头。,246
2006-01-02 15:05:32,寂地,5,"哈哈,也是我最喜欢的电影之一了.看过好几次,第一次看笑得半死,后来居然又看哭了.其实可以喜欢到不太想得起来.但是是值得永远收藏的.",917
2005-09-12 20:10:13,大头绿豆,5,请收藏粤语版。「2010」：1218，这么多年后重看，居然还是湿了。【2014】终于在大荧幕上看了。虽然是普通话。经得起这么多次的反刍，可以确认是经典了。想起东邪西毒重演时提前离场的对比，简直。,644
2008-02-19 15:19:26,宋阿慕,5,大话西游成就了一个时代.这句话一点也没错.不管是好的方面还是不好的方面.|人试图化身为天地，这本身就是一种不自量力。,729
2006-05-22 08:12:33,卡特兰,5,我想，应该不用说什么才对。,838
2005-07-12 16:50:16,Cherry,3,无法理解无厘头,375
2012-01-06 22:58:28,南笙,5,我在你心里是个句号还是一个惊叹号？,736
2017-02-25 14:09:55,爱情海,4,星爷的无厘头系列，明明是喜剧，看了却是流泪的，正是所谓的笑着流泪，一个人一生中的爱情可能只有一次，错过了就没了。,72
2012-08-07 16:00:24,朝暮雪,5,《大话西游》好于99%的喜剧片，《仙球大战》好于0%的喜剧片。刘镇伟可能是唯一一个又拍过好于99%的喜剧片，又拍过好于0%的喜剧片的导演。,253
2017-01-11 22:40:21,隔岸观船,5,你看那个人 好像一条狗啊  当他还是至尊宝的时候 他还是一个人 白晶晶 紫霞 嬉笑怒骂 爱恨纠缠 初爱 初心 最是轰轰烈烈 然而人总是要成长 要入世 要面对现实 要承担责任 要不辱使命 于是变成了孙悟空 带上了面具 学会了伪装 说不清道不明 活得好像一条狗,413
2011-07-06 12:46:07,钟楼小奶糕,5,一定有一些电影 永远都不能被超越,796
2017-04-22 00:08:50,胡小猴,5,紫霞开始多骄傲啊。从今往后这里的一切都是我的，包括你在内。快叫主人。可是，从至尊宝拔出紫青宝剑的那一刻，他们的关系就颠倒了。爱情是多么危险的事物啊。轻而易举就能毁掉一个人的骄傲。就像毒品一样，能让最矜持的人当众大小便失禁。想到自己的孩子早晚也要落入爱情的陷阱，我就难过得浑身发抖。,215
2018-01-26 14:20:27,吃薯片的猫,4,星爷经典，港片必看，他和吴叔掰开前，功夫？之前的片基本都好看。,60
2008-02-04 00:37:04,王小邪,5,笑着流泪...哭着笑出声...影响了太多人太久时间的经典,226
2018-03-09 21:05:06,欣欣向荣,4,大圣去取经了，城楼上的和自己长得一样的人类和一样的紫霞仙子，过着愉快的生活，有点悲伤。,170
2020-04-28 18:48:19,Lydia,3,我看不懂，真的看不懂。我反思自己是不是理解能力有问题？我翻看了好多影评，依旧毫无头绪，没法产生共鸣。我的年龄和阅历，甚至情怀都不至于无法理解一部电影吧。这部几乎人人称颂的港片经典，评分9分以上的电影，真的不是某个年龄段人们的所谓情怀和过度解读推上去的？我真的怀疑人生了。,142
2008-11-18 19:32:18,琵小歌,5,感动呜呜……一生所爱,285
2017-04-15 21:08:38,蔺生,5,至尊宝在梦里叫了晶晶那个名字九十八次， 叫了紫霞七百八十四次。可是他醒来之后还是想跟晶晶成亲，因为他喜欢晶晶有一条一条理由，理由的存在会让人相信很多事。他不知道自己怎么就会喜欢上紫霞，只是，喜欢真的需要那么多理由吗。我也好想去他的良心里，问一问。,226
2017-04-08 14:27:10,Maggie,1,谁能告诉我这电影到底好在哪?,791
2011-03-16 20:42:56,伍德与夏洛蒂,5,最触动我的，是孙悟空转身走掉时，周星驰和朱茵指着他的背说，他像不像一条狗啊。当场泪奔。,372
2016-11-13 15:09:22,瓶子不能倒,5,看了不止五遍了，重映亦去了一次。当紫霞说飞蛾就是这么傻，当孙悟空落寞地远走时，掉下泪来。一生所爱的BGM相当地贴合这个情境，朱茵亦在此片中贡献了她最美的样子和最精彩的表演。至尊宝的梦中，常常回荡的，是紫霞出现时的那一片芦苇。可惜只有开头被猜中，时光寥寥略过，结局是遗憾的。,112
2014-10-27 21:17:22,欢乐分裂,5,#重看#看过无数次开头却从未目睹过结尾，悲伤；太多耳熟能详的台词、太多过目难忘的镜头，置于彼时场景，万千感慨涌上心头；爱或不爱，难道有理由吗？取经与否，难道你能选择吗？烂漫俏皮如紫霞，一颦一笑皆有情，那个脚踩祥云的人，若你心有刹那的异样，一定是我曾在你心里留下的泪。,132
2017-04-13 14:56:32,尹乃文_eleven,0,那些喷靠情怀圈钱的，我就特别想问，你既然有这个情怀，难道真的还不值那几十块钱的电影票钱？,210
2018-02-13 01:06:08,拓小云,5,要救她就得必须戴上金箍，而戴上金箍就不能跟她在一起。以前的我会选择不戴金箍，觉得轰轰烈烈的爱情才是最伟大的，而现在我选择戴上金箍。有时候放手也是一种伟大，就让她一直等待她那踏着七彩云的意中人来带她走。,235
2017-04-11 06:29:17,抽到2012,3,很多年以前就看过，我不觉得有那些人所说的那么经典，我也非常讨厌他们的那些意淫和解构，我认为这就是一部拍的还可以的喜剧，至于其他的部分，我觉得是这些无聊的人过度解构了,153
2018-03-02 09:08:18,阿妖、,5,小时候看的是搞笑，只记住了紫霞仙子好美(✪▽✪)！现在看的是感伤，“曾经有一份真挚的感情摆在我面前，我没有珍惜，如果再给我一次机会，我一定会对那个女孩说一句我爱你，如果非要这份爱上加个期限，我希望是一万年！”,70
2018-01-12 11:23:24,宁宁,4,电影第二次上映我是第一次看，我觉得看懂了又好像没看懂……不过紫霞仙子好美，朱茵现在还是那么美,183
2017-03-15 09:04:20,旅途人生,2,西游降魔伏妖篇之后，有人说星爷欠我一张电影票，有人说星爷江郎才尽！但是星爷根本没变，这两部秉承前作的风格！但变的是观众，就像电影是老的经典，不是因为前作有多难超越，而是电影给予我们的回忆难以超越！我们的心态不再平静！我们看星爷的角度不断变化，而星爷却从未改变！,183
2018-02-13 08:26:29,婷婷爱八卦,5,周星驰的电影质量可以保证！朱茵太美了！,89
2018-02-02 17:24:25,圈地自萌,3,以前没有看懂过，重温时发现那句，“你看那个人好像一条狗”，蛮残忍的,64
2017-02-17 13:23:22,多看电影爱电影,5,那个永恒的经典。永远的周星驰，莫文蔚，朱茵……,78
2006-01-08 17:40:10,老阿飞—故园,5,伴我成长,181
2017-04-19 10:01:19,雨读,2,这..是..现象级的过度解读吧..周星驰还是那个周星驰，只是我们对于青春和情怀的捍卫过于执拧。说实话，笑不出，哭不出，至于像条狗的总结陈词，不就是周星驰惯用的将主角都打上市井小民烙印的招数？,154
2017-04-12 21:26:43,李小缺,1,简直就是为了圈钱的，情怀这个东西说多了就真不值钱了,429
2018-02-10 22:39:36,、佚,5,刚又看完大话西游系列忍不住过来拉高一下评分，最爱的国产喜剧电影。,55
2018-03-19 19:03:49,godzilla,4,不懂是情怀还是什么，觉得以前的演员都特别有灵气。,60
2018-03-15 23:44:57,周男神的迷妹YL,5,小时候看到的是乐趣，长大了看到的是无奈。被情所困，困住我们的又何止是情？至尊宝变成了孙悟空，我们又变成了什么？随着年纪的增长看懂了这部电影，其实多想仍旧看不懂啊，可惜时间不可逆。,49
2009-06-22 23:40:11,小熊娃娃,5,★★★★★ [讲堂] 其实真正的命运没那么巧合也没那么简单。,68
2017-04-12 00:47:23,卡戎,3,封神了？我觉得一般,176
2018-03-19 19:40:20,八月,5,永远的至尊宝，永远的紫霞，最爱的星爷，最爱的西游改编，有星爷无厘头的笑点，但也有动情至深的泪点，再回忆起来，依然是其他西游改编不可比拟,37
2018-03-19 11:03:28,grace-xhu,5,通过无厘头的方式表现电影想表达的内容，或许有的人会开怀大笑过后就忘记了，有的人却流下了眼泪，感受很深 。,50
2018-01-15 17:22:52,猫咪.萌萌,4,这表面看起来像喜剧，实际上就是个悲剧，紫霞仙子和齐天大圣之间隔着500年，500年前的齐天大圣和紫霞仙子的爱情，500年后至尊宝和白晶晶的爱情，那么多的纷纷扰扰，到最后不过是一场梦，真真假假各自体会，,109
2018-03-21 14:47:03,世界尽头,5,我的心上人是个盖世英雄，会踩着七色白云来接我～这是每个女孩子的愿望吧，紫霞把女生的痴情表现的淋漓尽致。,52
2011-05-11 20:54:13,伊卡洛斯,5,不开心，就算长生不老也没用，开心，就算只能活几天也足够！,134
2020-01-05 13:28:24,焖面,2,什么年少不懂星爷，就一群成年人犯矫情用带入感看这部灯光烂、剧情简单无脑的电影。至尊宝当时对紫霞是在撒谎，他要她的月光宝盒去找他的爱人……他的爱人不爱他才回去做了孙悟空……结果紫霞也爱不成了，落得当和尚取经的故事……一部渣男现世报电影么……-2020.1.4电影频道重看感想-,61
2018-01-04 12:04:27,梦询,5,经典，看了不知道多少遍了，至尊宝和紫霞仙子看哭了我。一生所爱。,38
2017-04-14 12:15:08,真敷衍,1,今年的戛纳电影节跟中国完全鸟关系都没有，红毯都懒得去蹭了。我们却还在漆黑狭小的电影院里对着二十三年前被吹上天的电影自我感动，抹一把高潮泪。怎么说才好呢？,202
2017-07-31 23:22:20,tokimekihansya,1,真•过誉。从来没看一部评分如此高的电影这么失望过。不是看不懂的优秀，是俗套的无趣。无缘无故的爱情，姑娘们无缘无故的钟情，令人呕吐。剧情也是支离破碎莫名其妙。或许抛开开头感情线还可以令人动容，然而爱一个人怎么不需要理由？能看的就只有碎碎念的唐僧和美丽不可方物的朱茵。,91
2007-07-25 13:08:06,薇羅尼卡,5,我的意中人是个盖世英雄，有一天他会踩着五彩祥云来接我。我猜中了前头，但却猜不到那个结局。,160
2018-03-19 10:44:36,呆萌小七,5,我希望紫霞仙子和至尊宝能在一起长相守！,48
2016-12-31 11:22:53,娜莉梦游仙境,5,喜欢这种魔幻剧，至尊宝和紫霞仙子的爱情很美，却不能在一起。紫霞仙子代表一大批女性，都梦想能有个盖世英雄，脚踏七祥彩云来迎接自己！朱茵在剧中真的很美！至尊宝帅气，孙悟空有点丑！,44
2008-01-10 16:45:45,老鸡｜扶立,5,永远的至尊宝……永远的斧头帮……,194
2017-01-02 01:05:06,amelin,5,大学了才在室友的强烈安利下看的。粤语配音看起来有点费劲，不过片子是真的不错。“它好像一条狗啊”现在听起来好像在嘲讽单身狗[😂]星爷那时拍的电影真是很耐看，然而现在……,41
2017-03-22 10:39:52,蓝色啄木鸟,5,补标经典，那会看紫霞仙子真的惊为天人，痴情又灵气逼人的女神！,41
2013-02-09 13:14:07,林探惜,5,“我的意中人是绝世的大英雄，有一天会在万众瞩目的情况下来娶我，身披金甲圣衣，脚踏七彩祥云。我猜着了开头，却没猜着这结局。”——用成熟的心认真从头到尾看下来，竟然这么容易猛戳泪点一次又一次。贪嗔爱欲的是短暂尘世，无欲无求的是西游。“我不是傻，这叫做理想。”,39
2018-03-20 07:21:21,橘猫爱吃鱼,5,一部喜剧片如此地打动观众，太有深意了，不愧是经典之作。,39
2016-03-27 18:30:45,三十八级台阶,2,我一直觉得硬把人生哲理安在这样一部片子上，是赋予了它本没有的深度，给予了它本不该受的荣光。,52
2018-03-19 00:31:27,biang,5,我的意中人是一位盖世英雄，有一天他会身披金甲圣衣，驾着七彩祥云来娶我。————《大话西游之大圣娶亲 》,28
2011-11-13 23:56:37,Panda的影音,5,紫霞：我从来都不知道，原来爱一个人是这么痛苦。-- 唐僧：打雷啦，下雨，收衣服啦！（讲到，电影的不足之处，顿时产生了这样的看法：当我真心喜欢上一部电影时，就多少选择忽视、不那么计较它的缺点。电影，如此；人情，亦是如此：爱一个人，并不意味着要喜欢上对方的全部，而是要包容心上人的不足？）—— 2014.06.11：在中国电影资料馆（艺术影院）重温观影。,21
2018-01-12 03:29:52,乱樂,5,星爷永远的经典,51
2015-01-05 10:18:30,Minta,4,你以为你在笑，其实你笑完就会哭。紫霞仙子在美梦中。,81
2017-02-05 22:11:36,热心网友方先生,5,小时候只是在看搞笑，现在在看一遍。满满的无奈，有很多感慨。不愧是经典之作，看完以后好多画面重现在眼前，至尊宝拔出紫青宝剑那一刻，紫霞拿剑刺向至尊宝那一刻，孙悟空背着金箍棒走出城外的那一刻。这样的结局虽然是不幸的，但世上爱情不就是这样的吗？,29
2017-01-01 22:07:14,默默的蘑菇,4,当年看的的时候还小，就觉得很好笑，还有朱茵长得好漂亮，个人觉得大话西游和唐伯虎点秋香是周星驰的巅峰，而最后的残阳是长江七号。,93
2022-01-02 18:20:47,忧伤的德古拉,3,恕我直言，我觉得影评里什么第三层第四层的的全在放屁。像极了以前小学做语文题，鲁迅说“家里有两棵枣树”，问，鲁迅这么写有什么含义。鲁迅os：我真没想表达啥啊兄弟们🤦‍♂️。也很烦你们一直讲的那句话，什么“再看已是剧中人”“你们还太小还看不懂”（很不想承认但我还真不小了），我的妈起鸡皮疙瘩..真是矫情啊....怎么，要舍身取义啦？要担起重大责任放弃真爱啦？啧啧啧（此处缺一个李安八字眉龇嘴图）。一大帮子人在寥寥几个胡扯的人的引领下硬生生神化了一部片👍为我浪费的这几个小时而向自己道歉。,54
2018-03-22 13:47:23,焰熠,4,小时候看笑了 长大后看哭了 会背那一段一万年的台词了 可是再有没有那个踏着七彩祥云的大英雄了,30
2011-06-12 15:25:08,懂棒棒宇宙,5,我看到的是一出痛徹心扉的喜劇，而且這樣的戲以後再也不會有了,36
2017-04-15 18:39:40,玄马,5,那些说情怀圈钱抵制重映的，真该在现场看看满座的盛况。二十年前的电影还能满座，而现在的这些垃圾二年后还有谁记得？坐我身边的小哥从头欢乐到尾，还不时跺脚拍大腿，到了尾声，小哥摘了眼镜抹眼泪，我都要惊呆了因为我已经看过十几遍了。,40
2016-08-08 15:39:32,吴邪无忧,5,经典，还有那句台词“喜欢一个人需要理由吗？需要吗？不需要吗？需要吗？”,99
2017-04-18 15:15:57,Mr.Pink,2,我能说这片一点都不好看吗,85
2014-10-26 12:57:56,koala,5,小时候看不懂的，是“造化弄人”这几个字。小时候我只记得最后决战的千钧一发，我不懂人会真挚的爱上几个人，不懂爱如咳嗽一样是无法抑制的，不懂这世界有那样多我们无从掌控的事，就如命运的轮回，再努力挣扎也跳不出去。在那什么都不懂的当年，留下的只有那一滴泪。而后走上漫漫取经路，一切一肩承担,33
2014-09-26 17:17:39,猪大勇,4,"我是前几天才看的，无厘头搞笑不能明白这笑点在哪里。最后蛮感动的。不过窝真的不懂为什么至尊宝就爱上紫霞了=,.=",38
2016-07-04 19:11:41,Ocap,5,某个周日晚看完，至少连续两周无法出戏，严重影响备考复习，不过太值得了。从此以后我唯一的天朝女神就是那时候的朱茵了，此始而终不改。大话西游两部合成一片来看，赢得了我心中的影史四最：最高境界的无厘头，最私人的大众电影，最无需逼格衡量的仙片，最没有架子的神作。→17.4.23影院二刷。圆满。→20.8.13 影院第三刷with 睡着的fhl。,28
2018-03-06 09:54:35,东篱,5,我的意中人是一个盖世英雄。上天既然安排他拔出我的紫青宝剑，他一定是个不平凡的人，错不了！我知道有一天他会在一个万众瞩目的情况下出现，身批金甲圣衣，脚踏七彩祥云来娶我！,124
2011-01-04 15:13:56,千寻亿选,5,大话西游两集的票房高达4600万，位列当年票房第6和第8，怎么会导致星彩公司倒闭呢？,29
2022-06-21 06:35:40,呀酱,5,深夜，重看了《大话西游》上下部，大恸，尤其是下部，仿佛从来没有看过似的，悟到了爱情片的精义：爱上一个人，不需要理由。所有的一本正经，都是虚伪；只有一本正经的胡说八道，才是真诚。年轻时不懂这些，懂了这些时，却已无可诉说。影片剧作之繁复，在港片史上可谓空前绝后，悟空的无数分身，紫霞的一体两面，剧作者犹可控，而时空的跳跃与裁剪，则纯是上帝在捉刀了。今天的年轻人已经习惯无厘头的艺术风格，但是在当年，这是石破天惊的艺术突破，周星驰改良并丰富了中国文学的叙事手段，进尔改造了国民性，他对当代中国文化的影响，可能大于所有人。感谢周星驰，孑孑然，遗世而孤立，保存了赤子之心，当影迷无耻老去时，他依然站立在90年代的夕阳里，真纯不改。,29
2011-06-05 19:10:22,潘半仙,4,大量日后被使用的经典台词、造型，无疑这是部优秀电影。从至尊宝到孙悟空的蜕变中，是一个人关于爱情的挣扎和矛盾，从而能引出‘什么是爱？’的思考，而且，电影很聪明的没有告诉我们答案，主题上也另具深意。题外，之前给这部电影打上‘搞笑’、‘喜剧’的标签，现在我全部收回。,19
2018-03-22 07:39:48,命中注定的爱,3,看过无数遍，一直到现在都不明白电影演的是什么，很郁闷，但是很喜欢里面的一句台词“人和妖精都是妈生的，不同的是，人是人他妈生的，妖是妖他妈生的……你妈贵姓啊？”很有深意！,47
2017-04-11 07:36:05,momax,5,喜欢的话，在家里多刷几遍就好，不要变成某些人炒冷饭，骗钱的对象！情怀迟早一天要消耗光的！,32
2018-03-19 08:38:56,雪里花蕾,4,该剧以一个搞笑的爱情故事，为我们讲述成长中的信仰、责任、无奈和取舍,25
2017-03-26 10:25:01,甜椒Oli,5,追求的是爱而不得。放弃的是肝肠寸断。总在追求寻找 却从不曾停下脚步转身抱抱一路追寻的人,33
2011-03-18 10:43:16,[己注销],3,很搞笑，但被网上过度夸大,79
2017-03-19 22:28:04,sharon,3,或许我是为数不多的不能被紫霞仙子和大圣之间终究错过的爱情所感动的人之一,38
2018-01-11 16:04:16,CCandFF,4,2017年才看的，很经典的电影，完美的诠释了爱情，不错的作品,19
2017-04-15 16:09:17,what'swilliam,5,1.旁边有两个初中女生来看，其中一个指着白晶晶问，那个是莫文蔚？另一个回答，好像是吧。2.大银幕看起来真的不一样。3.新出现的那两个妖怪当年被剪掉是对的，因为太。山。寨。了。4.因为新增镜头前半段剪辑很生硬。5.那些20年前的笑点现在还是很好笑啊。6.其实我还是更爱《月光宝盒》。,17
2022-07-07 22:54:28,草上炊事员,3,最低级的男性神话，女人存在只是因为男人的欲望不纯洁，他的欲望纯洁后她就不复存在。台词经久不衰因为牢牢掌握咱国人缺乏的骑墙的自由，忠贞的目的在前方所以当下被迫做什么都可以，在每一处阵地都有完整的解释权，我表现得逗贫因为我是深情的，我表现得严肃因为我是戏谑的。每一处转折和台词记忆点都像永不会输的俄罗斯轮赌，不懂商业片在许诺观众什么幸福的可以滚了。,38
2017-04-14 22:35:49,雪后林中有鹿,3,多年前我对这部电影无感，多年后依然无感，是我太年轻，还是太年老？,27
2011-08-21 22:07:05,有心打扰,5,实在是太经典了，这故事、这构思真乃绝迹了。,49
2012-11-15 20:08:05,大黑骡子,3,这分数好可怕啊。。紫霞那种爱情观我是不太理解的，等着命定的盖世英雄踏着七彩祥云来娶，这么干只会一辈子孤独终老吧，好男人都是争取来的调教出来的。至于什么失去才珍惜之类的，根本就是废话，整天把分手挂在嘴边，到头来结果不好那是自己作的。朱茵真好看！,31
2017-04-11 16:42:40,西马西塔考古,5,身为在西影厂混过的人告诉大家  11分钟里有牛魔王和铁扇公主吵架的一段 和孔雀精交手的一段还有……,26
2010-02-03 16:17:18,琦殿,5,后来才学会反复看,48
2017-07-30 00:42:40,Vicon,1,小时候，看着看着就笑了；长大后，看着看着就tm关了,94
2017-04-18 23:38:16,E7EVEN,1,我喜欢不起来这所谓的经典，重影捞钱，呸！,60
2018-03-20 08:01:26,阿弥陀佛,5,至尊宝和紫霞仙子的感情太感人了，朱茵的经典角色,23
2018-03-19 10:36:35,救赎.,4,我的意中人是个盖世英雄，有一天他会踏着七彩祥云来娶我，我猜中了开头，却猜不到结局。,19
2017-04-08 15:42:00,智,5,以前的剧现在再看还是很经典,21
2017-04-14 01:03:36,寒枝雀静,4,这应该才算是正宗的“癫狂反向表达温情”吧。谁能想到这么多传统性别关系下的无厘头段子最后却堆叠出关乎爱情的不确定性这一颇为现代的命题，好像是用港式的笑料讲了一遍《倾城之恋》然后改了个结局一样。喷薄而出的情绪搭配迷幻的色彩看上去竟然有点墨镜王。观影中旁边的小姐姐大概表白了一万次朱茵。/ 20.8.7 95min版大银幕二刷   B＋,18
2018-03-23 15:15:29,哈哈哈啊啊啊,5,总是说放下过去珍惜眼前，又有多少人不是失去了才追悔莫及吗？只有经历了才懂失去的痛。朱茵，时光能改变你的容颜，却改变不了你的紫霞仙子。,19
2017-04-13 11:27:23,璐baby,5,我的意中人是个盖世英雄，总有一天，他会踩着七彩祥云来娶我。越看越悲，我们曾经都以为世界为自己而存在，后来才发现，谁都逃不过时间,8
2017-04-11 12:20:48,笛子,5,我还了哦，别再问我要了,20
2017-04-11 20:25:58,空想美术馆,0,2017年重映是几个意思，好意思再拿来放一次吗？刘镇伟你是黔驴技穷了吗？,15
2017-04-15 22:32:03,深夜声噎,5,第二次大银幕上看大圣娶亲，在看过的重映电影里体验仅次于当年看东邪西毒终极版，杜比巨幕厅，满屏，加长也好国语也好，还是一样笑一样泪，鲜花总会凋谢但会再开，完满。,5
2017-01-06 11:59:51,水片,5,我猜中了前头，却没有猜中结尾。每个男人都想当至尊宝有梦想的日子，简单快乐，却不得不戴上紧箍咒，变成齐天大圣，但你会失去很多，生活就是紧箍咒，社会就是牛魔王，父母就是唐僧，紫霞就是梦想，可是，你却活的像条狗！！,8
2022-12-15 21:41:54,momo,2,不喜欢，除了确实有很多经典和喜感片段，翻了翻影评大部分都是男性在歌颂如何如何讲出了一个男人的无奈，男人的感情观，甚至觉得紫霞的择偶观也正是所有女性的择偶观？拜托？你们以为女人真的很在乎你们？我看了只有满满的无语，一个除了恋爱脑没有其他丰富形象的女人，因为美貌就得以被原谅一切，喜欢紫霞的时候又去讨厌大鱼海棠里的椿？男人们收起你们虚伪的深情吧，别在那无谓地自我感动了……,5
2017-05-04 00:46:02,drunkenstain,5,至尊宝和紫霞的爱情基础比起和白晶晶有些薄弱，但爱情有的时候就是这样无来由的袭来，看了无数遍，该笑的地方还是笑，该哭的地方还是哭，当年的语感和情境就算现在掐着秒表去精确复制也是再也不会有了，周星驰这帮演员的表演节奏太棒。这部片子把个人英雄主义打碎又重构出另一个境界的英雄主义。,3
2016-08-15 05:52:34,花事了,5,原来是喜剧，原来是爱情，原来是宿命。原来一定要情不自禁地流泪，流泪。白晶晶，是爱，可没有紫霞，你便成为不了你。谎言成谶语，多难过，多残忍。多单纯的爱情，却是多牢固的宿命。永远都舍不得的东西，却不得不永远舍得。,9
2017-04-12 22:39:02,花落  思量错,5,年少时一直看一直笑，觉得猪八戒和孙悟空特别搞笑，长大了每次看每次哭，觉得紫霞仙子美的不可方物，但是仍没有得到他的爱。,7
2014-08-03 04:26:46,末  次  月  經,4,你有没有爱过一个人，爱到像条狗，摆着尾巴等他丢个球,17
2022-12-08 18:20:04,六点半,2,真的怀疑自己不懂爱情，但是这也太无厘头了吧。。。感觉没什么梗好笑的，至尊宝谎话连篇，明明为了白晶晶而来却喜欢上了紫霞，又骗了青霞、牛香香、铁扇公主。紫霞的爱太梦幻了，爱一个人不需要理由，无论他是谁做了什么事情都只爱他一个人。真真做不到，我觉得毁三观。,7
2017-04-20 23:46:18,芝麻糊糊大尾巴,5,常看常新。男人们会把自己想象成至尊宝，总是被女人们（好看的）无缘无故地爱上，而且可以轮回转世把记忆里重要的姑娘都好好爱一遍。女人们会把自己想象成盛世美颜的朱茵，总相信自己会命中注定地属于一个盖世英雄，而这个盖世英雄也会不惜穿梭500，只为与她再续前缘。,4
2008-04-12 20:12:39,37°2,5,此片初中看的时候觉得搞笑得有些无聊，之后喜欢与它被疯狂追捧＆后现代没有关系，只是当我自己恋爱之后才真正体会此片动人之处，看重播离不开纸巾。（听说人老了的一个征兆就是容易感动，我老的真快。）,9
2022-05-09 00:12:43,HANA-Bi,3,男人们矫情什么呢，真当自己是孙悟空啊。配得上紫霞仙子？,34
2015-08-11 12:25:06,神哥,2,对于本片，我都不是一个合格的观影者，我从没有端坐在荧幕前认真地观看过本片，无论电脑电视电影院。影片的完整度就如同记忆的碎片般由时间拼凑起来。我不是周星星的铁杆粉，虽经历过刻骨铭心的爱但从未如此歇斯底里。因此对于影片，我理解的不够透彻，也因此，觉得影片真心一般。,6
2018-07-08 22:52:29,黄悦_,4,”你睇下个个人 好似一只狗。”广东人应该最能理解，【狗】只不过是词穷下苍白地取笑人的一种比喻，却被你们一直过度解读，那段什么什么一万年也是抄过来的台词罢了。讲西游 太无厘头 但讲爱情 那在心口的一滴泪 真的让人动容。,1
2014-01-15 16:53:36,津五渡,5,2017.4.19世贸天街星美。一生所爱音乐起，看得比第一遍懂了。白晶晶爱的是孙悟空，至尊宝爱的是白晶晶，紫霞爱的是至尊宝，等到至尊宝终于知道自已原来在追寻中已经爱上紫霞的时候，自己却不得不选择命运做回了孙悟空。苦海，翻起爱恨，在世间，命运不能更改，你看，那个人好像一条狗啊。,11
2017-08-17 20:21:47,修门叫我来巡山,5,一切的闹闹哄哄，只是他在水帘洞躲避风沙那晚做的一个梦。一遍闹两遍笑三遍哭。我的意中人会驾着七色彩云来找我吗,15
2012-11-03 19:37:26,隔壁家的桃太太,4,如果有一天我忍不住问你，你一定要骗我。不管你心里有多么不愿意，你都不要告诉我你从来没有喜欢过我。,13
2012-10-15 01:38:14,樹一,4,二逼了，居然跳过了月光宝盒直接看的仙履奇缘…罪过罪过。,9
2014-10-18 19:25:57,䒳,5,时空多角恋，像狗一样被作弄，五百年的爱恨只是南柯一梦，他们从来都只是bad timing，造化弄人。白晶晶好美。果然是老了后看完就越悲伤【18.11.17@百丽宫影展，卢冠廷见面会，大屏幕蓝洁瑛惊艳一现。原来片尾一生所爱是先有歌后才拍的片段，卢冠廷唐书琛神雕侠侣。,2
2009-02-07 16:09:07,饥饿艺术家,5,是大话西游吗？／20110204 cctv 6再看 「那个人样子好怪，好像一只狗」,5
2017-04-14 09:38:00,方兔挤,3,只想打3颗星的缘故多次放弃为这部电影打分，小时候的记忆中只有一些破碎的片段，重新看完发现依然是破碎的片段，逻辑情节安排得很玄幻。至尊宝和紫霞的感情实质就是上天安排，没有什么值得思考的，但“上天都这样安排了还不够你臭屁吗？”什么都不用努力就可以有个死心塌地的恋人，这有什么臭屁的？,19
2012-01-02 17:15:24,NARUMI,5,20200926木鱼版 泪目。木鱼谈 中国文化之“叛逆 悔悟 与成人世界和解” “等价交换”；“让观众落泪的 其实是观众自己前半生的遗憾”190522复习181103蓝洁瑛去世&《虹色bus》歌词 令我勾起的08年网帖记忆与恐惧感 才想起来 我应该把握男性的先天优势 先强大自己——为（【有可能而非必然】 @叔本华）遇到她时能保护她与我自己 做好准备；同时，我已经很接近这个目标了 只需要从现在开始努力考托福N1。180930咨询哲学群主前 看下木鱼版，才看懂紫霞青霞姐妹的日夜精分现场+八戒体内2人格；取经--化解世间的仇恨；今天 大叔的2h课程否定了“在世间难逃命运”；片尾踏上取经路时给观众带来的忧伤共鸣 对应的其实是观众多年来的各类型的遗憾（感情等 171008老王版 不戴紧箍 如何救你 戴上紧箍  如何爱你,2
2017-04-15 21:07:22,Seros Lee,5,又看一次，又哭N次（双鱼座基因），其实白晶晶去至尊宝心里的时候，哭得最厉害，虽然白晶晶这部里戏不多，最后还嫁了个状元郎，但其实她在至尊宝心里，和紫霞一样重要。,5
2017-03-26 14:15:25,元宝宝,3,故事有些久远了，但我喜欢主题曲《一生所爱》！,12
2017-02-04 03:34:50,丙火的丙,5,它能教人警惕几种非常错误的爱情价值观，一是非得回去找一个你以为还爱的人，一是非得爱一个不能和你在一起的人。,15
2017-02-28 19:11:38,卡卡卡卡卡卡卡,5,无法超越的经典。一直记着那句意中人，满足了所有少女心,8
2018-03-20 00:56:23,启明星的指引,4,人物描绘的太好玩了，能把人说到自杀的唐僧，搞笑的孙悟空，美丽的紫霞，经典就是经典。,35
2018-03-19 00:29:12,小晗要当锦鲤,5,有些人你一旦错过了，即使身披金甲圣衣，脚踏七色云彩，化身为齐天大圣你也追不回来了。,50
2014-01-26 20:10:21,在你身体里冲刺,5,"""我的意中人是个盖世英雄,有一天他会踩着七色的云彩来娶我,我猜中了前头,可是我猜不着这结局。”朱茵实在太美了，她光是站在那里什么都不用做，看着都是一种享受。",3
2019-04-05 22:56:43,不流ᝰ,5,只是想打开再看两个镜头，就忍不住从头看到尾。,6
2011-02-20 11:18:16,冰与火之歌,5,"看了又看、若干年后、我才懂得那种悲痛、、、“我的意中人是个盖世英雄，有一天他会踩着七色的云彩来娶我。我猜中了前头，可是我猜不着这结局...”",5
2017-07-25 20:49:36,回忆与否之,5,十年大话，有情人于他终成眷属，仙履奇缘，传世之情，从此尘封于其影背之间。其实周星驰又何尝不是至尊宝的一个缩影。,3
2015-12-30 01:09:03,Leon Winters W,4,爱情是那样美丽而脆弱，无法直面生活的琐碎和坚韧。哪段感情又没有绚烂的瞬间和艰难的长久，在一起就会幸福吗，未必。未必的未必，也未必。我可以等待，这是个决定。,6
2013-02-14 13:09:18,小嘢喵子,5,“那个人样子好怪，他好像条狗啊”  。小时候觉得齐天大圣是快乐和充满英雄气概的，现在看他是一只泪流满面的猴子。,4
2016-10-07 11:10:15,事儿妈,4,最后，转身离去的至尊宝，有了白月光，也有了朱砂痣。,11
2008-11-29 21:27:53,Doublebitch,5,我猜中了开头，却猜错了结尾,12
2011-10-18 21:08:53,kingsoon,5,年少观之，呵呵笑之而过；稍经世事，觉颇为感触；而今，泪如泉涌，心如花开。经典！,5
2018-10-30 23:37:39,Muto,2,所谓《大话西游》展开的其实是一个良心外的世界。一粒始乱终弃的眼泪早早埋进了水帘洞成为了一个梦。历经500年的轮回，爱情这个概念已然沉重得像一座五指山，压着醉生梦死的现代人难以翻身。爱一个人当然不需要理由，为了爱一个人最终舍生取义的紫霞仙子之所以没猜中结局而是因为预设错了开头。只可惜宁愿在这场大梦里死去的人真真是神仙也救不了。如果上天能够给至尊宝再来一次的机会，他依然会选择说那些恬不知耻没有良心的谎话。,7
2020-08-02 23:00:47,小乙哥的如意子,5,起先用“我爱你”骗人，没想到后来要用“我不爱你”骗同一个人，命运的可笑与可悲,13
2011-05-09 10:39:39,Morning,5,为朱茵也提个女主角！,11
2018-01-27 16:40:03,听説,4,好评很多，紫霞仙子很美。看了之后，没有想像中的好看，可能是期待太高，还是很不错。,45
2017-04-07 07:04:20,暴走摸摸酱ღ,5,从前 现在 过去了 再不来。我猜中开头 却没猜到结局。,7
2017-04-15 15:07:53,孟小四,5,二十年前看是夸张胡闹的喜剧，二十年后看是痛彻心扉的悲剧,8
2017-04-06 15:22:55,卡比巴拉的海,5,一生所爱,20
2014-10-25 00:23:59,Mosquito史歌,5,#大话东游之二##大话西游之大圣娶亲#经典中的经典！喜剧片的经典，爱情片的经典！笑点较之上部偏少，但都是经典桥段。本片在爱情元素的表达上，借鉴了王家卫式的装逼风格，台词上狠做文章，出现了大段经典的不能再经典的台词。爱情刻骨铭心，撕心裂肺。一生所爱，配上茫茫大漠、生离死别，动人心弦。,3
2010-08-27 09:35:07,谋杀游戏机,4,后现代，无厘头，人在理想与责任、理智与情感之间的两难选择,7
2018-03-19 20:22:36,嘉兴路派出所,4,很棒，前两天看电影评讲才知道这部电影拍摄的不容易，很喜欢星爷,23
2008-04-08 18:10:51,七先生™,5,很奇怪  我念小学的时候 就已经看了这部电影的录像带  可是后来过了很久很久  这部片子才在大陆真正火起来 被誉为经典。  难道是我超前了？ 话说我小学、初中那几年的暑假 全都在租录像带来看 每天租四盘带子  几个暑假下来  那时候香港的片子看了个底朝天....  不过 毕竟是小学和初中那时  所以看片子看得比较浅  难有深的体会  而且像一些反应社会现实的艺术片 当然是不会租来看的  大多看的是喜剧片和鬼片  那时候周星驰 吴君如的喜剧 王祖贤的鬼片 林正英的僵尸片 .. 不晓得有多爽啊  现在的香港电,2
2011-04-13 19:11:54,尘埃野马,5,刚才又看了一遍《大话西游》……看到最后部分，我不由自主地哭了。  2013.1.29,5
2017-03-19 23:03:11,已注销,5,不戴金箍，如何救你；戴了金箍，如何爱你。,17
2017-04-17 00:41:17,南南塔,4,后半部分心情太复杂了。让我对此片感兴趣的人已消失，坐在身边的人即将去上海工作，心里想着的人还隔着太平洋……而曾经如紫霞般笃信的我也越来越理性，或许也能渐渐学会不痛了，美好之事难得，更难守。既然要体验，就不要贪恋。,9
2017-03-23 22:26:59,我lu不会飞,4,心疼紫霞仙子，真的是经典中的经典！,12
2017-04-11 20:54:19,丢伞狂魔不高兴,5,我更愿意相信这是周星驰在讲述自己的故事，所以自戴上金箍后，就再也没有欢笑了期待以后能看到更多的个性化名著改编，热血海棠社，摇滚rock记之类的ps.找到bug一处，紫霞将水帘洞变成盘丝洞并进洞后，至尊宝喊“芝麻开门”前，洞口的名字还是水帘洞,6
2017-03-10 10:41:56,M能能M,3,这就是经典，无法超越的经典,13
2010-07-17 21:11:32,Aubrey,5,膜拜级别的片子~~~保留电影之一~~~每次看都哭得惨~~~周星星就该给你五颗星~~！！！有几颗就给你几颗……至爱……,4
2009-10-24 19:58:43,琨霓,5,紫霞深爱至尊宝的时候，他心心念念的寻找他的白晶晶，而当他终于看到了她留在心里的那一滴泪，却已经失去了选择的权利。每一次看到他潜入另一个人的身体，去偿还前世欠她的一句承诺，再看他在夕阳下孤独的走远，总是情不自禁的想要落泪。不是不心动，不是不后悔，但已经没有时间，再去相拥。,5
2021-04-03 22:11:25,HarperDie,4,为了直奔主题，影片结构上是有一定问题的，春三十娘、白晶晶、铁扇公主、香香都成了工具人，角色塑造零碎。当然，影片情感上的真挚有着压倒性的优势，紫霞一滴泪，全世界心碎。朱茵，是一个可以担得起颜值即正义的女性。不过，那句“慰安妇”的台词，没赶走紫霞，倒是把我的欣赏都驱逐了。,3
2017-04-12 14:06:09,半城风月,5,"我的意中人是一位盖世英雄,有一天他会身披金甲圣衣、驾着七彩祥云来娶我。我猜中了开头,却猜不中这结局。朱茵是我心中唯一的紫霞仙子，真正的经典永远值得怀念。",6
2015-10-04 21:19:37,冬妮娅,5,我现在愿意相信，这一切的闹闹哄哄，只是他在水帘洞躲避风沙那晚做的一个梦。,6
2017-04-08 23:20:03,梦魇,4,永远无法代替的经典,10
2017-05-18 22:14:47,X,5,谢谢周星驰拍了几部能让我看好几个暑假的电影,5
2019-08-08 20:13:48,山下猫,3,对爱情故事没有什么感觉，造型上有种大朴不雕之感，之后的3照样裁衣质感却泛着尼龙塑料感。很好地利用了朱茵的娇蛮。两千年后去过一次镇北堡影视城，现在想想蓝洁瑛也曾去过那里，有点唏嘘。,1
2014-10-25 04:04:17,三和后浪える酱,5,年轻的时候笃信精神恋爱只是默默付出或承受，到头来左不过一句，“我以为你都知道”“你不说我怎么知道？” 我留恋的是起初两不相识，最后两不相认这样无法复制的惆怅。没错，我们都是那条无名的狗。 每次紫霞飘然远去，即便咬紧牙关也忍不住的泪流不止。如此不明朗的结局成就了一个完美的故事。,3
2013-12-07 23:32:38,尉迟上九,4,再看更为蓝洁瑛唏嘘。。。,15
2017-04-15 12:50:11,向量积,5,"""那个人样子好怪。"" ""我也看到了，他好像一条狗。""",7
2022-02-15 22:07:14,拔剑四顾心茫然,4,爱你一万年，是谎言也是预言，是爱过又错过的遗憾。心底一颗泪，是期望也是失望，是缘来又缘散的圆满。前尘易猜，结局难改。爱恨纠缠，自有安排。一生所求，不过生死白头。一生所爱，难逃无边苦海。多年前你给我三颗痣，多年后我还你一个吻，可是等到那时，你已不再是紫霞仙子，我也只是个路过的怪人。紫霞是佛祖跟前的灯芯，灯芯的宿命就是燃烧，她要找到那个点燃爱火的人，但是她没有想到，至尊宝会亲手把火苗掐灭。《大话西游》之所以成为经典，是因为菩提老祖点破了爱情里的窗户纸：爱（另）一个人需要理由吗？人的一生永远不可能只爱一个人，因为爱情是冥冥中的不可主宰，是当你察觉的时候，一切已然发生。我们不断寻找爱情，希望遇见一个惊叹号，然后用力握紧它，想要画上一个圆满的句号，可是到最后才发觉，只有省略号才是最让人难忘的收尾方式。,2
2017-04-21 23:47:30,莱恩影歌,1,混乱，浮夸，造作，虚假。无法理解二十年前互联网新兴时期为什么会火成这样。,23
2016-09-23 10:28:59,竹叶卷心,5,星爷的看过最多遍的电影，朱茵在里面简直灵动美丽的不行,5
2020-07-28 00:04:23,mdr skywalker,5,这部作品真让人感慨黄金时代香港电影的美好啊，倾注了主创所有的才华了（尤其是刘镇伟，达到了巅峰），有了上部的充分铺垫，不但把欢笑和眼泪同时激发出来，还贡献了无数经典的台词和片段。核心全在《一生所爱》里苦海翻起爱恨，在世间难逃避命运这两句词中了。月光宝盒在讲轮回，这部就是在讲痛苦。孙悟空戴上金箍的过程，也是痛苦一步步加深的过程，交织的痛苦与恨也充斥在其他人当中，取西经是化解人世间的痛苦与恨，而结尾幻化出的像至尊宝和紫霞的两个人则是作为齐天大圣的一种遗憾的弥补，不想让人经历他的痛苦，看那个人，他多像一条狗啊，那个孤独落寞的背影真的太让人动情，大话西游这个系列是一个需要阅历才能慢慢看懂的片子，这一轮的重映打卡通过一天两部连看，对故事的理解更深了一层。无比的满足。（9.5/10）,2
2019-05-25 13:30:21,戛剑生,5,紧箍带上我不能娶你，不带紧箍我不能救你，人世间最痛苦的事莫过于此，人生总要被迫接受很多选择，但又不得不选，我们总是被命运无情的向前推进,6
2012-03-22 22:11:53,有橘,5,我知道，不论再过五百年，五千年，还是五万年，错过的还会错过，执着的依然执着，那个人，爱着爱着，就离开了。,4
2007-12-28 19:45:44,江海一蓑翁,5,十多年前看这部电影，只是当作无厘头搞笑片，一笑了之。今天再看，看到的则更多是人生无常、爱怨皆苦。从这个角度来说，《大话西游》是最能体现《西游记》精神内涵的电影。片末《一生所爱》的歌声响起时，几乎泪奔。,4
2017-04-25 15:09:33,坡,5,與差不多有五年未見的師妹在地下鐵分別，以前很喜歡她的。說去萬達，在衛東站下車，她原說要一起卻因我的沉默，一路向西到雙港的財大。一個人不想在萬達了，搜到交大裡邊有個小影院，在湖邊，有「大聖娶親」。女招待見我說，不用取票啦，今天只有你來看。電影越看越心喪，而外頭大雨瓢潑，傾蓋南昌城。,4
2017-04-14 17:48:08,Collapsar。,5,记不清这是第几遍了 总算是在电影院看了一次 迫于现实压力 现代的多情种和痴情女子都少有 新的观后感也寥寥 但观影时想象自己回到那个电影的黄金年代 非常满足,6
2017-04-23 21:40:54,kk,5,白晶晶爱的是孙悟空，爱白晶晶的是至尊宝；紫霞爱的是至尊宝，但爱上紫霞的却是孙悟空，你以为是同一个人，可是却已相隔 500 年。不戴金箍，如何救你；戴了金箍，如何爱你。,6
2015-07-20 02:09:05,然潘,4,小时候看不懂，长了看不进去。,11
2006-10-12 13:01:27,17950,5,是，现在再看很多位接的不顺，笑料因为太熟也很多笑不出来，但这部电影真的是拍的很好啊，人生不就是一出悲喜剧吗？,4
2015-12-16 22:13:49,少年游罐头,5,豆瓣top17。私以为代表华人电影的最高水准，准六星。大话西游好并不是恶搞了最知名小说，很搞笑有很多爆笑的地方，有几段特别经典的台词这些简单的小处。其以喜剧的手法达到了爱情戏，历史仙侠戏，再可能包括武侠动作戏的最高水准。你可能有生之年找不出第二本有此水准达到此成就的影视作品。,2
2014-10-25 00:12:59,糯木,5,我擦小学时候完全看没懂原来讲的是这样的故事啊...各种同步感觉要跟东邪西毒搅成一条灯芯了= =....室友说没看懂，我想大概是因为缘分这种东西太奇葩吧...留一星————分割线————独自再看重映，竟然哭成泪人，而且还偶遇前任，万般难尽，终于可以补上这一星了。,2
2013-03-03 20:47:06,書衣偵探華斯比,5,时隔多年，依然觉得朱茵很美很美，又被这个悲剧的爱情故事感动了，结尾《一生所爱》的旋律响起，眼眶决堤了。PS：猪头，你还吹你个大气球：）,3
2017-04-14 10:46:49,追忆似水年华,4,记忆中是和表姐偷偷跑进电影院看的，但小时候看不懂，只觉得是很诡异的搞笑片。现在看懂了，但导演已经拍不出这样的电影了,6
2012-11-30 21:23:09,Vamei,3,看了《悟空传》之后，才觉得这部电影挺有意思。,13
2017-04-14 00:57:31,一一,5,借加长重映，圆了在大银幕上看这部电影的念想~想起了和爷爷在山上看剧组拍戏捡道具，想起了童年时和死党租碟回家用VCD看片，想起了在影视城用数码相机拍搞笑视频，想起了好多好多关于电影的往事……大概这就是属于我的那份情怀吧~,4
2017-04-01 01:28:52,小楼吹彻钰笙寒,5,星爷的代表作。其实我认为在搞笑的同时还带有一种悲伤。结尾太让人难受，不过也是一种成全。一生所爱这首歌也好听，每次听都能回忆剧情，无法分割这联系了。最爱紫霞仙子将刀架在至尊宝脖子上时，他说的那段话……经典台词。,4
2012-12-23 22:57:48,陈楸帆,5,这些人后来分开后都去拍烂片了,8
2012-09-04 21:10:46,小箬,5,紫霞。穿越时空，本为了救回我的妻子，我以为我爱她，可是却遇见了你。你在我心里留了一个东西，临死前剖心来看，才知道那是你的眼泪。我错了她，也错过了你，不断地错过才知道，一切都是命中注定。一切都是。,4
2014-10-28 00:13:51,赵启辰,5,今天在电影院里第一次完整看完了月光宝盒和大圣娶亲，被这部脑洞在十年前就开到这么大的电影完全折服了，以至于现在还没捋清楚影片时空的逻辑，结尾竟然还被完全打动了一下。编剧大卫林奇附体，之后的十年周星驰从功夫到西游降魔一部都没走出来过几乎一直在重复这部电影,3
2017-04-03 06:24:25,江南开爷,4,其实，我个人觉得没有你们追捧的那么好看，虽然看过不下10遍。紫霞和至尊宝的爱情还没有《功夫》里哑巴女和星爷的感情打动我。虽然我认为这部也是星爷十大经典中比较突出的，但我更新喜欢他的《喜剧之王》《功夫》《少林足球》，甚至是《国产凌凌漆》。又要圈钱重映了，我选择网络重看！,4
2013-02-27 20:14:49,樹男,5,像至尊宝那样，这辈子都不再有爱情，只有对爱情的回忆。,7
2013-11-04 23:28:07,小然看云歌,5,周星驰的巅峰之作了PS:20170405 在花木路一个人去看，还是坐在第一排。发现即使是这样在电脑电视上看过很多遍的电影，在大屏幕上看，还是会有不一样的感动。二十多年前啊，那个时候周星驰其实是很帅的。完全不同意所谓的那个年代的美女是因为低像素。坐在第一排看朱茵和莫莫，真的是很美,2
2011-05-16 22:16:29,笨锅,5,我算是比较早想去读懂它的人之一了，第一次看是因为把它当喜剧片的，所以还狂骂星哥，后来再看了十几遍吧，十几年前我可以写一遍一万字的影评，但那时没有豆瓣，现在写不出来了,4
2019-01-07 00:41:48,xxxx,2,我就说一句，这个电影我看的时候从来没感受过好看，也一点都没被感动过，我觉得很多人打分这么高完全是时代滤镜和群众滤镜导致的。。。。,12
2017-04-23 15:41:08,待城,5,为什么明明是个喜剧片 但却越看越悲伤呢。。,7
2014-08-17 18:48:08,你的益达,5,苦海，翻起爱恨。不同时空下的恩恩怨怨卿卿我我，都只是一场洞中的梦，只是悟空那道释然又羁绊的转身。看完觉得自己真的长大了，回不到煞笔的儿童时代，而是像条煞笔的单身狗说不出所以然。我在你心底留下滴泪，而你还记得大明湖畔的夏雨荷吗？,1
2013-03-19 19:18:07,Pirouette,4,人类的通病：口是心非,11
2017-04-20 11:18:42,少年面条,5,居然没打分。但能不能求豆瓣把新海报换下去，和老版比起来太丑了。,5
2017-02-04 03:02:57,媒介野,5,「我的意中人是个盖世英雄，有一天他会踩着七色云彩来娶我，我猜中了前头，可是我猜不着这结局。」我也是哭傻了,3
2021-02-27 18:17:13,古宋松谷,5,此情可待成追忆，只是当时已惘然。一部在当时看来无厘头的电影竟然如此深地进入集体意识中的情感禁区，留下了不可磨灭的伤痕。苦海翻起爱恨的无奈怅惘，是否是一种中国人的终极人格，求不得。,12
2017-04-20 12:43:30,CC,5,不知不觉发现距上次看大圣娶亲已经将近三年，却总感觉还是前不久的事情。小时候认为周星驰的电影都是喜剧，只有在心情低落无力思考时才需要。现在突然发现很多忧伤和深意一直贯穿始终，只是被选择性忽视了。朱茵的紫霞纯真且自然，没有矫揉造作；周星驰的至尊宝后知后觉，也唯有追悔莫及。,5
2017-04-17 15:06:15,不喝咖啡,2,并不是周星驰电影中的佳品，当年就没有多深印象。时隔多年再去电影院看，依然无感。故事虚弱，剪辑混乱，画面粗糙。除了朱茵，任何一个镜头都没有吸引力。,17
2017-08-13 04:59:12,喜儿喂鸭正经地,5,为什么每个广东仔都爱《一生所爱》,7
2017-04-10 17:09:53,电影那件小事,4,转身离去的至尊宝，有了白月光，也有了朱砂痣。而电影观众也有了自己的电影初心。,5
2013-01-14 21:02:19,芝麻花开节节高,5,结局紫霞和至尊宝站在墙头那段  我看哭了，长大至今第一次完整地看完这部剧，头戴金箍只能摒弃七情六欲，然而当年未完成的，在这一世要给她一个答案，真真印出此片的主题：如果上天再给我一次机会  我要对那人说我爱你  如果给这份爱加一个期限  我希望是一万年,2
2012-06-14 19:47:39,樱飞漫舞,5,其实很小的时候就看过，第一次看，年龄还太小，情节完全没有明白，只隐约记得几个有趣的片断，和不解的结局；第二次看，也依然没有理解那些人物的情感，只依稀感到，是一个透着一丝悲伤的搞笑故事；然后，现在终于明白了，那些无奈的命运和情感，真的是一个悲伤的故事，忍不住，会让人想要流泪。,2
2017-04-17 13:52:07,杯中窥人,5,你知道佛教里面四大金刚手里的利剑是用来做什么的吗？用它来斩断光阴，也斩断爱情。,6
2017-04-15 20:45:55,大头的古月草会,5,原来这是重印版本，在影院第一次完整的看这部电影，最后一幕是在得到之后放弃得心甘情愿，比没有得到不愿得到的那种心甘情愿更加刻苦。,5
2013-07-11 02:38:36,浅野忠信,5,我只是想听你说句“我爱你”而已。,7
2020-07-17 10:27:05,splendidlife,3,有点无厘头搞笑➕一些台词 爱情电影深度还是剪辑剧情什么的也很一般，吹的这么高，弄来弄去就爱情，爱而不得的无奈心酸。第一的影评真尼玛会盖帽子，三层都看懂了没怎么流泪没怎么笑。,11
2015-06-11 20:40:49,专注电影成长,5,又笑又哭的，不得不说星爷碉堡！他独有的喜剧表演方式总是让人笑着笑着，心底却总有一丝悲凉萦绕不去，所以即便再低俗的段子、笑点从他身上表演出来，就显得有了深度……错过了星爷，那么就是错过了香港的一个喜剧时代……所以一定要看啊，这部电影（包括上下部）。,3
2017-05-02 22:38:15,溪棠-迷糊狐,4,经典。只是一直过不去一个坎，紫霞难道不是白晶晶的小三吗？怎么爱情够深就可以掩盖道德的问题了？虽然歌美结局催泪，但不喜欢紫霞这样的爱情,7
2014-10-30 15:29:28,L.C.,5,这么多年以后，终于在大荧幕上看了一次。不同的是，这次我竟然没有哭。同样讶异的是，即使哭我想哭点业已有所不同，以前每次都是紫霞乘风飘去的那刻我会泪如雨下，如今，更让我动容的是他们在城墙上拥吻后，他心心念念却只有离去的背影。这么多年，没变的是依旧让人内心纠缠。,1
2017-04-13 11:15:22,aimengyy,5,经典的电影，那场错过的爱情让人感伤，曾经有份真挚的爱情摆在我面前，我没有珍惜，等到失去白后悔莫及，如果再给我机会，我会说我爱你，如果加上期限，我希望是一百年。经典台词。,4
2009-12-01 23:51:44,麦机长,5,紫霞仙子为至尊宝挡住了牛魔王刺过来的矛，不幸以身殉情，至尊宝想要抓住她渐渐飘向远方的身体时，头上的紧箍儿却越勒越紧……有时候，爱情就是这样无奈和无助，看到这儿时，我流泪了，只是我没有想到，类似的情景数年后我也会经历！,2
2017-04-22 19:25:40,伤心小市民,5,“喜欢一个人需要理由吗？需要吗？不需要吗？需要吗？”,5
2018-03-11 00:02:05,九天落尘,4,故事特别感人特别悲伤，连电影的歌都成了经典，朱茵很漂亮，她眨眼的镜头印象特别深刻，但是其实我不是很能接受这样的大话改编，所以稍微扣一星吧,27
2014-07-20 18:03:49,方块阿兽,5,小时候看觉得好笑又恐怖，现在看来笑是笑了但心里却很不是滋味啊。,10
2017-01-28 20:41:59,李九弟Jody,5,只羡鸳鸯不羡仙。,8
2017-04-17 11:21:33,请叫我腹黑,5,所谓“加长纪念版”打着“绝版公映”的做法其实有一点下作，增加的11分钟对剧情并没有推波助澜的作用。整了10几小时的老胶片素材就弄了这个这玩意。直接说式“重制数字版”不是更实诚？,2
2019-05-25 11:54:57,Elizabeth,5,"小时候看认为是喜剧，长大再看感觉就是悲剧了，星爷用了一生时间努力的把悲剧演成了喜剧：没有带金箍时不能保护心中的你，带了紧箍后有能力保护你,但却必须屈服与更大的压力",5
2018-01-21 06:55:36,V要睡懒觉,5,至尊宝玩世不恭且放荡不羁，而孙悟空法力神通却断绝六欲，到底是追求爱情还是成为盖世英雄？这是可谓是一个男性从幼稚到成熟的过程。为了得到最想要的爱情，必须先放弃爱情，戴上紧箍咒，痛不欲生，但只有如此才可以拯救你的爱人，这就是男人的悲哀，而《大话西游》就是一首描述男人爱情观的挽歌。,2
2007-03-13 00:28:17,Bill,5,我看过次数最多的电影,6
2017-04-26 08:25:37,人気小圆头🔒,5,只羡鸳鸯不羡仙。二十年来看了不下二百遍，大银幕每次放都没错过。可惜我脚下没有七彩云，拔不出你手中紫青剑，人生取经路慢慢，把你留给你的盖世英雄了。,7
2016-08-31 13:11:27,喂,5,人生际遇，难以言喻，像梦一场，至是难忘。,10
2017-04-14 12:03:02,薄荷,5,我的意中人是个盖世英雄，有一天他会踩着五彩祥云来接我。我猜中了前头，但却猜不到那个结局。,4
2013-02-22 19:58:01,曾于里,5,着实经典,15
2017-03-11 08:11:19,暴富的女孩是我,5,一生所爱，百看不厌的经典，每个阶段看都有不一样的体会。,6
2018-04-07 09:49:34,王小猫可爱多,5,以前我不懂为什么那么多人奉之为经典，最爱。17年重新上映，一个人坐在观众稀少的影院，认真地看了一遍，哭到不能自已。矫情地说，经历过人世间爱与恨的我看懂了，明白了什么是一生所爱。只是再回首，所爱已不在。“苦海翻起爱恨，在世间难逃避命运。相亲竟不可接近，或我应该相信是缘分。”,5
2014-07-27 10:37:10,萌发奇想,5,小的时候看只是笑，长大后再看就哭了！！星爷很多电影的台词都融入人们生活里了，再看时才回忆起原来有时候开玩笑说的“吐啊吐的就习惯了！！”是大话西游里面的……,1
2017-04-14 21:07:24,Dilettante G,5,終於給這部經典補了張電影票！前面搞笑，後面催淚，讓人百感交集無以言表⋯⋯PS：紫霞仙子也是美得經典了，懷念那個時候經典輩出的年代～,4
2022-05-09 16:44:54,赛博招财猫,3,大话西游从月光宝盒开始玩梗，到这一部也有几段不舒服，林青霞和秦汉，慰安妇这些梗都感觉很没有必要。其实大部分人都即救不了世人也护不了爱人，所以不太理解为什么有的人能情真意切的代入。最后，看到大结局了还是觉得，要是紫霞活着也不要和至尊宝在一起了，他俩不合适，他还是不懂。,10
2009-07-10 11:09:56,芥末蘸酱,5,"2014.10.24 @时代金球 电影院的人一直在笑,就我一直在哭. 2017.04.11 2K修复加长重映。",2
2017-02-15 11:23:59,aolitttttttt,0,一生所爱：我的意中人是个盖世英雄，有一天他会穿着金盔金甲，踩着七色的云彩来娶我。我猜中了前头，可是我猜不着这结局……长大了再看，眼眶湿润~~感谢CCAV6在情人节放这个电影~,8
2017-02-01 22:28:10,誠懇哆啦,5,小时候看只记住了搞笑的部分。果然要经历过才能读懂那心酸。不太敢重看了…2017.2.1“你看那个人 好像一只狗”,3
2018-03-19 08:51:02,一起吃地瓜,4,鲜花虽会凋谢 但会再开情人别后永远再不来一生所爱隐约 在白云外,50
2014-09-13 02:37:41,野,5,我的意中人是个盖世英雄，有一天他会踩着七彩祥云来娶我，我猜中了开头，可我却猜不出这结局。,2
2017-03-03 23:06:14,朱迷糊🌸,5,永远的经典～👍👍👍,8
2018-02-09 16:01:27,十月中旬之美,3,很好看的电影，但是结局好伤感啊，世间的无奈太多了……愿有情人终成眷属,32
2013-02-07 22:42:06,arthuria,5,小时候看喜欢第一部，觉得第二部没什么搞笑；长大后再看才有了不同的感受，那时就觉得朱茵好漂亮。,2
2022-08-20 19:25:05,有没有红茶呢,3,感觉有些过誉了，get不到里面的感情线，难道不就是至尊宝人见人爱嘛..感觉有点尬，自我代入至尊宝的男的会不会其实是猪八戒呢,26
2014-06-08 23:30:20,假~面~,2,一直很不喜欢这电影，不明白为什么那么多人说好看或者觉得好笑，我始终看不出这电影哪里好看哪里好笑。如果不是因为齐大胜，我永远不会喜欢这部电影。因为《小爸爸》再看一遍这电影，或许是长大了，能够被里面的爱情和无奈触动到，不过我还是不喜欢它的笑点。PS：朱茵好美，《一生所爱》好凄凉。,5
2014-06-16 13:45:51,1先森,5,苦海 泛起爱恨在世间 难逃避命运相亲 竟不可接近或我应该 相信是缘分,3
2020-07-24 22:56:34,晚不安,5,有了前一部的铺垫，《娶亲》在主题和情节上都更紧实了，很难想象经年之后，它会逐渐演变成一个如此巨大的“陈词滥调”的集合，对西游式爱情给出一个难以跨越的范式。没有爱的过程，只有爱的结果，而结果又蕴含在过程之中，此为贯穿整套片的“轮回”之意。青霞秦汉的八卦也许已成旧闻，但对《重庆森林》的戏仿却持续发散新意（刘镇伟对王家卫是真爱，在《回魂夜》里继续致敬）。是五百年的痛苦，还是三天的快乐，那个落寞的背影，像狗，也像你我。真是形塑了一代年轻人的电影啊。#影院复工#,4
2017-04-17 20:37:59,时令之环,5,今晚天气很好，风很大，我以为至尊宝要出现了！蕊蕊说我看哭了是因为想着要备课，才不是！我是因为紫霞太美了，像莉香一样都那么美～,6
2017-03-05 10:38:44,喂饭,3,4.0   每次看到星爷的粉声泪俱下地写着伤春悲秋的长评，我都觉得自己看了假电影。,5
2007-07-13 10:14:53,战国客,5,蛮好笑的，只是没觉得像大家分析的那么悬。不想深究，笑过就好~~,6
2005-09-26 20:04:37,清风₿Ξ,5,还用多说什么嘛，看了10遍的片子，每一句台词都那么熟悉,7
2017-04-16 15:22:37,Han的son,3,电影，我还是喜欢在电影院看，即便是熟悉的故事，也会产生不一样的感觉。年轻时看周星驰电影觉得好玩，现在更多的感受是一种无奈与心酸。入社会才发现，原来有这么多形形色色的人，每个人都在按照自己的生活方式活着，同呼吸，但命运却是个不相同。,4
2019-10-14 12:52:19,K宝,1,为什么这种东西能感动人，从小就厌恶这种电影了，全家都不喜欢周星驰，不懂这种荒谬的搞怪怎么能吸引一堆人喜欢,11
2007-08-21 18:13:28,韦恩斯坦_李,5,最爱看的周星星电影！最爱里面的朱茵了！伤感啊。。。,3
2016-09-17 20:47:57,徵音,5,"“你为什么不好好做贼呢?""""我只是想研究一下人与人之间微妙的感情。”",5
2017-04-15 19:09:17,翟墨子,4,嗯，增加的新内容就是紫霞遇见二郎神之前，在沙漠里，弱鸡的孔雀怪和蛤蟆怪争着要拔紫青宝剑,3
2014-08-05 22:01:23,seabisuit,5,各种经典角色各种情，好像都能找到一些影子，有一段时间夜里看这个根本不敢TAT，真是神作快二十年了，当时应是各方创作的高峰期吧，就像爱情最后被怀念的还是那最美好的时刻，不管是不是命中注定，只要曾经拥有过就不曾后悔。而刘镇伟巧妙地把王家卫的电影元素和周星驰搭配起来产生了神奇的化学反应,2
2017-02-14 08:59:34,昵称被占不开心,4,一生所爱,17
2017-03-22 10:50:50,吃瓜的小土豆儿,5,经典啊，当时在电影院里和弟弟一起看的，小时候的回忆，好怀念啊！,5
2017-06-06 00:23:16,少数派的报告,5,也许世间完美的爱就是残缺的爱，因为得不到所以更珍惜，现在长大了再回头看这部剧，看的是满眼的心酸,5
2017-06-29 21:37:35,Liu,1,实在是过誉 这样的电影9.2分 你们让别的九分电影情何以堪……,11
2017-04-11 18:04:04,从你美丽的流域,0,好是好，但是评分的所谓情怀太多,14
2018-07-27 16:38:21,过热·钢筋,5,中国当代电影的里程碑式作品，糅合现代元素和古风恶搞。成就了许多经典桥段，十几年后仍为人们津津乐道。以后的一生所爱都用不出此刻的泪点。又哭又笑又不知何去何从。一伙要好的伙伴，一个爱你的人。戴上金箍，踏着五彩祥云，却做不了她的盖世英雄。青春不就是一段可以遇上谁，错了重来的时间么，若给我一个期限，我也希望是一万年,2
2022-11-15 17:45:09,寒木春华,5,如果说【月光宝盒】是让人开怀大笑，那【大圣娶亲】就是让人唏嘘哽咽。蔡少芬的小甜甜，缘来在这里。猴子的情缘，回到前世五百年，原来情深缘浅的是，紫霞仙子。朱茵的紫霞仙子，真的让人难以忘怀，惊艳的地方太多了，比如双手的铃铛项链和二郎神斗战那里；眨眼的一眼万年；在猴子心里流下的那滴泪。最后的城墙那里，借着灵魂置换，满足了观众的心愿。至尊宝和紫霞仙子，有情人终成眷属。即便，那不是曾经的你我。,2
2022-12-07 14:17:42,茜茜997,4,原来喜剧也是有些门槛的，我还是更适合没啥内涵的😂我还是更喜欢第一部一点，所以孙悟空为啥就喜欢上紫霞了呢，就因为在他心里流了一滴泪吗还是说因为紫霞wink，他被电到了？,8
2014-09-13 08:44:54,毛秃秃和胖咕咕,5,原来很多电影，是真正爱过一个人之后，才能真正看得懂。,8
2020-03-16 20:51:18,windy,5,看的重映加长版。小时候看除了感受到朱茵小姐姐的美与星爷的无厘头，记得罗家英的only you与经典的“一万年”，真的是看不太懂。现在再看，爱情啥的倒是其次，对我来说主要是烧脑，时间线理不清，尤其是“至尊宝”和孙悟空之间转世的操作，以及紫霞与青霞集于一身这精神分裂般的设定，让我捉摸不透。原来孙悟空是顽劣的渣男，至尊宝是被认错了，并则从痴情男变到看破红尘大彻大悟，从为了晶晶不断穿越到悄悄爱上紫霞，最后发现神马都是浮云，自己要拯救苍生结束苦痛的循环，但是自己能力有限，不得不变身大圣。看了影评，发现结尾那个“他好像一条狗”还有前后呼应以及背后的内涵，加上对其他台词的解读，不禁感慨经典就是经典，之前小看它了！总之搞笑电影拍出科幻片的烧脑，又深入解读了爱情，让人又哭又笑的电影影史留名也不足为奇了~,1
2017-04-17 00:15:08,令狐敏敏,5,今天去电影院还了张门票。上一部的门票是2014年10月刚来深圳的时候还的。再次看领悟的又不同。“不要等后悔”“有时候抛开爱情才能走的更远”“使命感”等等，不管怎样，这是一部我从小就爱的，看了50多遍的电影，致敬,3
2017-04-13 20:08:39,万古,5,看一遍有一遍的心酸，越长大越能理解其中几段感情的无可奈何。,4
2020-08-06 19:27:01,DIY shop,4,剧情、逻辑、人物都很平面，但爱情-命运的冲突感人至深，因此对它最准确的定位可能是一部「寓言」。比如“唐僧”这个形象，他既舍身取义开化悟空，又在战局正酣时大喊“快来救我”——后者只是因为要引出悟空“先救谁”的选择。因此，配角主要承担“形式功能”，我很怀疑是否都不需要人物小传。但同时，关于爱情和命运的古典命题又被激烈地摆上台面，每个“形式功能”都很鲜明地指向悲剧的内核。这让我想起了很多古典悲剧，想起了《帕西法尔》中的骑士，寻找圣杯却又错过，终其一生地寻找，但爱情总是在打破秩序，成为各种“罪”的来源。但《大话西游》还比之更进一步，恨是罪恶之源，消灭恨必先放弃爱，选择爱却只空余恨。,4
2018-01-23 19:40:35,不曾离开,4,经典啊经典之所以称之为经典就是你看多少遍都不会觉得难看厌烦经典让人无法超越,36
2017-03-21 20:40:51,幕天席地,5,好看,16
2011-12-25 02:05:45,六弄奶茶廳,5,曾經有一份真誠的愛情擺在我面前，可是我沒有好好珍惜，等到了失去的時候才後悔莫及，塵世間最痛苦的事莫過於此。如果上天可以給我一個再來一次的機會的話，我會跟那個女孩子說：我愛她；如果非要把這份愛加上一個期限，我希望是一萬年。,1
2019-05-26 12:18:44,原上草0585,5,多少人猜中了开头，却没有猜中结局，感觉这部剧已经变成了一种情怀，一种时代的烙印,8
2010-03-14 19:09:29,壹安²,5,至尊宝爱白晶晶，白晶晶爱孙悟空，孙悟空爱紫霞，紫霞爱至尊宝…兜兜转转，谁也没和自己最爱的人，成为永远，人世间的情情爱爱，注定都这么悲伤吗？,1
2013-07-09 08:10:27,兮称,5,看懂了，也哭了 T T。。。,5
2017-04-12 17:50:50,嘎嘣脆骨,5,小时候看笑，长大了看哭。,7
2014-10-29 12:49:46,Q。,5,毕竟还是那条狗。★★★★★,15
2017-04-13 22:04:45,乱心清,5,倾城绝世的美，透彻心扉的泪。,7
2010-08-02 18:57:38,狄飞惊,5,一生所爱，沉痛至今。,6
2013-02-12 22:17:56,蒙面小俠,5,跟降魔篇不能比真不是歧视降魔篇 舒淇跟文章的爱情突如其来得莫名其妙 所以文章说出我爱你一千年一万年时我真没忍住哈哈大笑 而这部突戳人泪点又让人破涕而笑完了还让人细细回味 绝对经典好片 喜剧当然可以扯爱情 但别瞎扯,2
2008-12-09 16:48:52,子 。非年,5,"此情可待成追忆只是当时已惘然。知道什么是经典么，就是不管你什么时候看，看了多少遍，都会不断又心的收获，感动，经得起时间的习练，永远都不会觉得过世或者肤浅。",1
2017-04-09 23:30:13,TO+坚叔,3,本来想完成去电影院看的心愿，一查全部是国语版！脑子呢？,10
2017-04-19 07:18:01,仑文,5,"约""至尊宝""一起看的，从这个梗认识，已是三年。全场六个人，最后排两位看不清脸，全场静悄悄，同排我俩以及两位母女，孩子忙着傻笑以及整个影院串场，年轻的妈妈在录像。对于这么一部结构庞大周密影片，各种年龄段的人都能有不同解读吧。",4
2009-10-04 23:36:45,摆烂学家冲摸鱼,5,哭，这是    电影      这是     无厘头      这是          周                星                     驰,1
2013-01-22 21:25:46,junepig,0,看过一万遍不止了，但是的确还在讲堂看过。。。,3
2011-06-23 09:59:06,陌聆,5,「那个人样子好怪，好像一只狗」,9
2018-03-10 22:53:19,小医仙,4,朱茵眨眼是港片最美瞬间之一，紫霞仙子和至尊宝的故事很感人，喜欢这部另类西游。,44
2019-04-18 17:11:46,管理,5,并不觉得大话西游9.2分哪里过誉了，剧情有点乱而已，演员演技非常好，看了三四次还是哭的泣不成声，不喜欢没关系，但是别恶意打低分啊？,3
2017-06-17 17:14:51,你不喜欢文渊吗,5,我更喜欢齐天大圣这个名字，放荡不羁无所畏惧。大圣不带紧箍咒无法救最爱的人，带上了紧箍咒无法和你厮守。,5
2017-02-18 15:53:37,吉光之片羽,5,希望永远看不懂,9
2014-06-11 23:34:56,林西拿,5,@资料馆。第一次看到这么多人拿手机拍屏幕。我左边右边都哭了，前面还发出了抽纸的巨大声响。灯亮之后，全场大梦初醒般地愣在那里，六七秒之后才有第一个人从座位上起身。,2
2017-04-16 22:05:56,Don't Panic!,4,小刀会序曲，天地孤影任我行。你妈贵姓？吹个球，吹个大气球，吹大气球玩球球。那个人好像一条狗啊。,2
2012-08-05 12:08:38,Maria,5,亲一口，我爱你。,11
2019-05-26 12:42:07,baobao919,5,感觉一直欠星爷一张票房，结尾想象很好，既给了人希望，也让人感觉很苍凉,6
2015-03-30 02:11:04,无能狂怒人,4,回想大学时看完此片的心情，就跟10年看完Watchmen的心情差不多。后者的金句是“美国梦怎么了？它实现了。”，前者的金句则是“那个人好像一条狗吔”。都是残酷青春的梦碎时分，一个是国家，一个是个人。,2
2017-01-10 12:38:37,杨桃,4,朱茵真的好美！,5
2010-01-21 11:57:27,磊,5,12岁的样子，看过第一遍，没看懂，自觉得好笑。14左右的样子看的第一部，没看懂，有些害臊。21岁了，再看，我哭了，我第一次看电影哭，在异国他乡，在youtube。6/3/2012,1
2019-05-30 23:43:46,深圳普罗文斯,5,假如不能和自己喜欢喜欢的人呆在一起，就是让我做玉皇大帝我也不开心，试问人生有多少人能和自己喜欢的人待在一起呢,13
2014-06-12 08:47:52,赵无乱,5,看前八十分钟都对那些俗透了的段子毫无感觉，直到最后十几分钟哭的不行，你念了几生几世想要见到的人到最后可能就那么轻飘飘的离你而去，而那个从来没嫌弃你长什么样是什么人不管你对他怎么样都爱你的人，是多么的可怜，口口声声说着自己放下了放下了，到最后是为了骗谁呢？好希望这一切不是现在的样子,1
2019-04-08 21:19:38,易枕风,5,所有人、事都可以被更改，除了道、上天、或上帝。用很有草莽气的风格去改写一个故事，墨汁浓郁，笔触潦草、忘形，文字大胆脱俗，最终呈出了一篇精美的混合体。它有清丽气质、非凡的元素、丰富灵活的表现方式，以及深刻的悲与爱，它还有庄严的想象，和严谨的逻辑。这的确可以被称作中国的史诗。,1
2020-01-20 02:24:10,diwpxneiaoq,0,此系列无感/重映去真正看了一下，真的很好看，我们真的可以做属于自己的电影，就像铃木清顺一样，化蝶一样的剧情，真的太棒了。这样的cult片能获得这么多人的认可，就是因为方方面面都太棒了。虽然预算一看就很低，但是电影每分每秒都很好看啊，神一般的所谓错误镜头和错乱的时空穿梭加剪辑真是太好看了，就只说唐僧这一人物的刻画，就实在是风格化又入木三分，背后反映了很强的社会观念和讥讽，但所有的情绪都恰到好处而丰富真实，而且他还是一个非常好看的喜剧，太厉害了。,1
2019-11-24 23:26:45,小小野马,5,从紫霞仙子的出场就开始进入与上一部不同的观影心理，感动，惊艳，感叹。情节实在巧妙，与前面的呼应，往后面的展开，都是天才式的设计，那么多的人物又都有各自的满点可爱，最后的结局真是哭晕。人物角色，台词，场景，音乐，每一处早已熟悉的经典，这回终于有了直观真实的认证，当得起，经典而天才，服服气气。,2
2017-04-14 23:30:55,阿丽丝,3,别再往上套各种象征和情怀了，大话西游最大的意义难道不是记录了女神们巅峰时期的样子吗哈哈哈哈哈,9
2019-05-26 20:43:11,3324566pz,5,初看不知曲中意，再看已是曲中人，曲中思念今犹在，不见当年曲中人,5
2021-08-22 17:05:20,欢喜陀,5,大话西游我在96年就看过，大炮筒激光镭射录像厅里看的，当时觉得不好看，比不上周星驰之前的作品。后来回到武汉重新读了一遍高中上了大学，发现大学同学都在用《大话西游》的台词打情骂俏。。。什么玩意，这么过时？而我当时着迷于用波德莱尔的句子写诗：啊，抚摸你满是浓疮的乳房。大地在裂开，汁液在流淌。。。岂有此理？,4
2020-05-08 08:12:03,銀河映像創作組,5,從前現在過去再不來紅紅落葉長埋塵土內開始終結總是沒變改天邊的你飄泊白雲外苦海翻起愛恨 在世間難逃避命運相親竟不可接近或我應該相信是緣份...小时候只觉得闹腾和打的很漂亮，大了再看才发现是个实打实的悲剧：将宿命感在爱情主题中诠释到了极致。每个女性角色的故事都让人伤感而遗憾，可是为了一生所爱，她们却都表现得义无反顾，即使可能知道结局...不说了，去听卢冠廷独唱版的《一生所爱》了。,2
2014-05-17 23:46:15,awu,5,小时候看这部电影只觉得孙悟空好丑，那时候也从来不会为了随便哪一首歌正好唱到爱人而掉眼泪。大概是触景生情大概是怀念以前的自己，再看这部电影哭的自己都觉得自己好蠢。已经不会再因为失去某个人难受得好像是心口上少了一块肉就用尽所有办法去说舍不得去说永远然后再把那个人扯进自己糟糕的生活里了,1
2017-02-18 21:47:26,isaachan,5,星爷的新片被吐槽，不如重温他的经典吧。17-04-22 终于圆了在电影院看的愿望。所有以前的笑点差不多都成了泪点。以前一听就皱眉头的“一生所爱”，也开始单曲循环了。,3
2019-05-26 13:11:30,chipy,5,结尾出多么经典：那人好像一条狗呀！生活中多少人活的还不如一条狗,5
2019-05-26 17:51:46,夜飘零,5,小时候曾以以为星爷拍的都是喜剧，长大后再看发现很多都是悲剧,6
2017-03-29 20:43:20,美好时光只为你,4,我猜到了开头，却猜不到结局。紫霞最后那一刻有后悔，有遗憾吗？苦海，翻起爱恨，这世间，难逃避命运。,3
2021-04-03 17:45:40,黑特-007,5,【2021资料馆】可能是我女星脸盲所致，开头几段时间线看得稀里糊涂（尤其“重放”了一段上部的开头，甚至怀疑是软性前情提要（不））这么看中国神话蛮适合电影的表达形式（“转世”造成的“时空跳跃”）发展成现在这样真是“白瞎了一手好牌”。此外化妆和特效完虐当代，甚至有想到朗的《尼伯龙根》Ps.相比之下近几年神话题材国漫的主题深度还是弱,0
2012-05-19 14:16:08,小瓣生☕️,5,周星驰是香港最好看的男演员，另外只能再加一个古天乐。能不能让我再看一眼你心里的那滴眼泪。,3
2019-05-25 19:03:55,Kfk讨论解析,5,要成为盖世英雄代价惨重，可是很多人仍然希望自己的男人成为盖世英雄，男人往往容易在自己最无助的年龄遇到自己最想保护的那个人，为此要付出很大的代价，往往这个代价是不能承受之中。,4
2017-04-17 15:13:28,好难瘦,4,当年的朱茵和周星驰的紫霞和至尊宝，至今无人能超越，包括他们自己,3
2017-09-05 16:40:10,日光少女,4,我也长想起白晶晶的爱情要么收场。,11
2021-01-31 10:22:21,一叶之秋,5,紫霞是喜欢至尊宝，可至尊宝喜欢的是那位姓白的姑娘，白姑娘喜欢齐天大圣，这大圣，才喜欢紫霞，是，至尊宝和齐天大圣是一人不假，可他们足足相差五百年。这世上真是什么都对，唯独时间，就是不对。,4
2018-02-03 08:31:57,程晴之,4,这部电影真的出现了好多经典的台词，深情又不失搞笑，世上安得两全法，带上金箍不能爱她，不戴金箍救不了她。,28
2019-05-26 20:25:36,没事闲着,5,不带紧箍救不了你，带了紧箍不能爱你，你要我怎么办？,5
2013-10-09 15:57:50,xiangkaiad,5,经典 喜剧 香港 爱情 大话西游 搞笑 电影 中国 1995 【再说就垃圾了，你没看，估计你也是垃圾了！】实在是经典中的经典！,1
2017-04-16 15:13:23,博呢,3,不知怎的，到现在我都没觉得这部电影有什么好…也从来没被打动过。,8
2021-08-29 17:40:32,玻璃易碎,5,台词写的真的很惊艳，真的很佩服以前港片里的台词。明白了所谓“喜剧的内核都是悲剧”,24
2019-12-27 15:08:13,含笑半步颠,5,"补标。实际上很小很小的时候就在电影频道看过无数次了，但小时候看得懂荒诞的喜剧外壳。悲剧的爱情内核完全不明白。我很明白为什么这部电影会让那么多70,80后喜欢，《大话西游》式的爱情似乎在那一代人身上经常再现，生活里充满着各式各样的“牛魔王”门第，金钱，家庭的干涉，让每个至尊宝不得不戴上“金箍”变强，但战胜了“牛魔王”以后，却永远失去了自己的“紫霞仙子”。",1
2015-07-16 01:08:08,Q,0,小时候哭 哭悲离 后来明白 神性的猴子和紫霞 想象亚当夏娃一样偷吃禁果 注定分离 非善 猴子最后一口气 吹跑了那条毒蛇 留下傻痴二阶美娇娘 踏上苦修之路 终明了 视死如归 归也,1
2009-07-10 00:22:57,安,5,最后，谁又能在开始的时候告诉我们，这才是对的。-----2010年2月14日凌晨终于明白。——2011.7.10,1
2017-05-01 14:31:34,LEMON,4,小时候看只觉得很搞笑，觉得至尊宝很无厘头，随着时间的流走，人的阅历的增长，再看一遍，感受完全不同，可惜，无奈...,3
2011-12-09 08:49:01,Memoricry,5,老婆，我是这部电影上映很久很久之后才注意到的，嗯，老婆，星爷的成名之作呼呼，嗯，老婆，抱抱！嗯，紫霞仙子哈，老婆老婆，我想你了！很想很想！我要是有月光宝盒就好了，就可以到你身边了……老婆，你会怪我吗？怪我当初不主动，怪我当初那么听你的话？老婆，把我相片放钱包里，如果可以的话，好吗,1
2010-05-30 17:54:32,蝉鸣知了,4,我的意中人是个盖世英雄，有一天他会踩着七色的云彩来娶我，我猜中了前头，可是我猜不着这结局。,0
2011-06-12 15:32:13,deus,4,与大陆的合作让电影看上去不像传统港片那么小家子气，恶搞的趣味也被削减了很多，显得更严肃更正统，这也是它在当时难以被接受但是以后却能成为经典的重要原因。刘镇伟在当时能够提出穿越喜剧这一概念算是相当超前的了，可惜他没能把自己的这种天赋一直保持下去，变成了现在一个以拍摄烂片为生的港导,0
2016-02-09 09:07:30,孔迩,5,我们这一代所有人，都没办法说它的坏话，不是不应该，而是没办法，因为我们从来就没有走出它过。,3
2017-02-03 17:02:47,有主 勿念,4,我刚刚打了个冷战，好爽……噗,4
2018-03-17 22:31:11,柿饼,5,万万没想到，某段经典台词第一次出场竟然是谎言，是被当作真心的假意，所以这段台词有意思的地方就是，它是述行的，因此为自己创造了第二次出场的机会，假意变成了真心，真心无处兑现。,2
2017-04-14 19:52:43,居庸关绿,4,人物个个都好，但剧情好散呐，一开始上一部的剧情闪回处理得莫名其妙。,4
2017-04-01 14:35:10,Tian,0,世界是一个巨大的枷锁，你不得不重复自己或别人的生活。“这时候的孩子都是玻璃罐里养蛤蟆，前途光明出路不大。”大闹天宫无非是20——22岁的黄金时光罢了，找到工作走上社会任你盖世的才华、浑身的个性也自有翻不出的五指山来压。只有戴上紧箍咒取经去，九九八十一难，做一个奇奇怪怪的佛。,2
2010-01-14 23:19:21,莱尼圆,5,华语喜剧电影的巅峰。立意和表现手法先锋前卫、时尚叛逆，想象力天马行空，但这个有着后现代解构主义标签的影片却与四百年前的《西游记》有着相似的悲剧内核，原著中美猴王走上取经之路的磨砺从被暴力压制改成了经受爱情考验，“戴上金箍后，你再不是个凡人”、“人世间的情欲不能再沾半点”。要成为身负使命的神，就必须忘掉情爱。自由自在之时，只知放浪，不懂岁月，后遇见真爱，却所遇非时，空留遗憾。最后的结局也殊途同归，孙悟空最终与自己曾经对抗的世界妥协并和解。“曾经有一份真诚的爱情摆在我面前……我希望是一万年”，被奉为旷世经典。稍显不足的是，删减版本里青霞紫霞的身份介绍稍显混乱，而移形换影、群魔乱舞的港式打斗情节并不高明。朱茵的紫霞仙子，华语影片里的至尊容颜。卢冠廷的一生所爱无与伦比。,2
2021-08-20 23:39:24,４％,4,所经历的一切，不过是取经路上为躲避风沙躲在洞中所做的黄粱一梦，梦醒来，取经继续，这又何尝不是人生？这个梦告诉我们，你的世界与他人无关，你曾亲身经历过的深刻体会到的，在他人视角看来不过是做了一场可笑的梦。可在你的世界里那些所有的美好、痛苦、心酸和无奈，唯有你自己无比清晰。这些经历，成了最珍贵的东西，保有记忆抗拒遗忘，也是我们活在这个荒诞的世界中仅存的证据。在承受荒诞的那一刻，你成为了另一种英雄，和主旋律不同的英雄。,2
2020-01-13 00:47:09,工玉,5,这部是大话西游正片。看完这个故事，台词、特别是朱茵的表情都太戳心了。这个故事的梗概大致是：当真挚的爱出现的时候，我却认不出她；当认出她时，我却没有能力去爱；当有能力时，我却永远失去她了。当轮回让我再次见到她时，我只能让别人替我说出那句我没有机会说出口的三个字：我爱你。这是爱的无奈和悲哀，就好像一条狗。,3
2020-08-10 22:14:15,Polaris,4,真的好惨啊 紫霞仙子的爱 是男人的终极美梦 可惜梦都这么美了 男人还是被现实带走了 带走就算了 还留恋梦 结尾真是大虐,2
2017-07-24 22:24:15,茹影随形,4,曾经错过这部电影，幸好又没错过。那些经典的台词依然经典。,2
2017-08-21 18:09:00,徐妈妈,3,说实话现在从新来看感觉有点无厘头,13
2022-02-17 16:20:34,JIAHugo Lee,5,只有紫霞真正离开至尊宝的时候 至尊宝才能变成孙悟空最无能为力的不过 你在的时候我不能保护好你 当我有了爱你的能力你却不在了 非要用一个人的离开让另一个人长大我的意中人是个盖世英雄 有一天他会踩着七色云彩来娶我 我猜中了前头 可我猜不着这结局一生所爱,6
2012-08-28 13:29:50,开膛手喂喂鹌🐣,5,"因为爱你，所以相信你，相信你爱我。那时的朱茵很美，一是因为她彼时还年轻，再就是因为她演的紫霞正相信着爱情。这不是神经病，这是理想，她说，我的心上人是一个盖世英雄,我知道,有一天他会身披金甲圣衣,脚踏七彩祥云,在一个万众瞩目的场合来娶我。",1
2017-06-29 14:38:17,Walt,5,看了这么多遍 可惜我还是不明白,4
2022-12-11 07:01:49,怎么还不可以啊,2,除了朱茵的美丽我什么都看不懂，这似乎是一场男人的自怜自伤，怪不得用至尊宝做头像的男人需要避雷,15
2015-03-06 23:40:44,呼延凯旋,5,所谓的加长纪念版真的有点坑人，并没有所谓的新人物，新剧情，只不过是过分消费过去的经典罢了，甚至只是在消费周星驰，什么欠星爷一张票，星爷又拿不到钱，都是道德绑架，只不过是因为电影本身才走进了电影院。就算如此，当结尾一生所爱响起的时候，我早已是泪流满面。,2
2021-12-14 13:12:34,深山夏牧场,2,“有个女人一起路上寂寞了可以当慰安妇啊” 。。。各种不适,13
2017-04-17 09:30:41,yuan,4,隔了多年之后再看，全是爱而不得的痛苦和无奈。「这缘分天注定的嘛你说怕不怕」。2017/4/14,4
2010-05-15 23:00:24,爱智慧,5,这个太经典了吧，最经典的台词“一万年”后来被各种解构和调侃，但是当年看到的时候还真的被感动到了。觉得朱茵的紫霞仙子真是还原了仙女的梦想啊，美~周星星的侠客装还蛮有感觉的,1
2006-11-01 23:55:05,素*,5,"“曾经有一份真诚的爱情放在我面前，我没有珍惜，等我失去的时候我才后悔莫及，人世间最痛苦的事莫过于此。如果上天能够给我一个再来一次的机会，我会对那个女孩子说三个字：我爱你。如果非要在这份爱上加上一个期限，我希望是……一万年！” 　　    ——经典的爱情谎言",2
2013-09-01 15:41:40,tlmgt,5,趁着CCTV6放就又重看~,5
2014-11-06 23:57:13,十一月的雨,5,不知道第多少遍重温，这次终于全部看懂了。以前看得懂前面的嬉笑和荒诞，看不懂那结局，只是觉得有股莫名的悲伤；这次天马行空的前半段依然那么有趣，除此之外更是明白了结局的悲从何来。原来所有的一切都是孙悟空的一场梦。果然这才是星星最高水准的作品。正式超越喜剧之王晋升No.1。,2
2017-04-19 13:34:59,Daydreams,4,话说……单身狗这词是不是就从这来的……,5
2019-10-31 20:29:32,蒋大路,5,第七遍观看，确认乃货真价实的杰作。原先觉得逻辑不通的地方，现在都能捋清了，借助梦境设定和月光宝盒这个道具，其实故事逻辑是相当清晰完整的。悟空在水帘洞醒来前的三个小时都可以看成是一个梦。这个梦的本质，是悟空对命运的抗争。他不愿意去西天取经，故而在梦中反抗唐僧和观音——他宁愿做一个山贼，活在他的乌托邦里。在梦中他通过转世和时空穿越等等方式折腾了个遍，最终仍然无法阻挡悲剧的发生，晶晶注定要失去，紫霞也注定要失去，乌托邦五岳山（花果山）也注定要失去，在梦的结尾他明白了自己的命运，所以醒来后心结解开，安心上路。不得不感叹，这部电影竟然比《穆赫兰道》早诞生五年，那是95年，港片由此盛极而衰，一叹！9.2,2
2019-07-29 14:11:56,豆友2020.4.4,3,确实不错，这部电影把一个传统神话变成了一个混合了多种文本，不断进行替换运动的新神话（导演把各类文化文本结构化作为这部电影所指涉的内容），同时人物角色也因此具备不稳定的身份，电影的每一时刻，都是由潜在之流构成的结晶影像，这是最典型的虚假运动，因为这里只有替换运动，尤其值得说的是，演员的表演本身也充分发挥了这种结晶影响的特点，人物在多种文本指涉的转换中失去了单一的人格，这种看山不是山的表演，也正是电影富有喜剧意味的原因，当卓别林以“局部幻象”造成与事实/整体的差异来表现机器般的日常性中的活力和张力，这部电影去除了日常性，只剩下虚构，虚构运动在自身之中发现了幽默，这种幽默也在影像中找到了自己原本的含义，就是悬置含义。可惜的是，新神话终结了这种无尽的替换和悬置，破解神话的同时造就了新神话。,1
2020-11-01 03:59:11,黑眉白眼,5,黄沙吹起，遮天蔽日；伴着《一生所爱》，拥吻中，往事历历在目：那一刻真的要命。我猜大话粉没有几个忍得住那一刻的眼泪吧？,7
2017-04-13 21:54:26,Derridager,5,4月13日2K修复重看,4
2021-12-20 03:53:22,张翔森,5,从前，现在，过去了，再不来；红红，落叶，长埋，尘土内；开始终结总是，没变改；天边的你飘泊，白云外；苦海，翻起爱恨；在世间，难逃避命运；相亲，竟不可接近；或我应该，相信是缘分。,2
2016-03-23 23:05:37,杨欢喜Metiche,4,也许真正的喜剧就应该有人生的大悲和绝望在里面，而真正的悲剧却时时都能蕴含着乐观的智慧。那个时代，人们感动于紫霞飞蛾扑火的爱，不会质疑价值观和男女不平等——因为它真实可信；人们感慨于至尊宝的成长与变成男人的无奈，不会责怪所谓的脸谱——因为脸谱与夸张背后是最复杂的情感。,4
2019-04-07 16:46:06,姚墨芳,5,无所谓先来后到，也没有等价交换，更不存在只可能喜欢一个人的设定。有的人敢在自己喜欢的人面前流眼泪，有的人怕给别人添麻烦。一开始就输了。,1
2016-08-07 17:20:15,春莓风铃,4,很喜欢，真的演的太好了，太经典了，这是我心中唯一的紫霞仙子没有人能够代替和模仿。最经典的眨眼啊啊啊啊啊啊啊啊啊啊啊啊啊啊啊啊啊啊啊啊啊美死了，刷了3遍。,3
2011-12-07 12:03:30,龚星,5,只要《一生所爱》那音乐响起就会引起我心中涟漪，听到旋律都会觉得感动，一部电影带动一首歌竟如此扣人心怀就是经典！“我的意中人是个盖世英雄，有一天他会踩着七色的云彩来娶我，我猜中了前头，可是我猜不着这结局”当年紫霞说这些话我的眼泪完全止不住，五百年后要找的人已经不在了，且行且珍惜。。,1
2006-12-17 18:04:38,Milandini,5,A.Chinese.Odyssey.Part.Two.Cinderella.1994.720p.BluRay.x264-CiNEFiLE,1
2018-03-20 14:07:23,白云飘飘,4,朱茵演的紫霞仙子的真情流露让人动容，敢问世间情为何物，直教人生死相许。可又有多少人错过，有多少人珍惜呢！,9
2017-04-20 18:21:38,盔酱兮,4,不是大话粉，小时候也是在CCTV6上没头没尾的看过几次，印象最深的也只是紫霞仙子的盛世美颜，对于市面上情怀粉写的深度剖析也只是觉得过度解读。看了重映版，客观讲还是有很多值得吐槽的地方（比如：下雨啦！收衣服啦！）但听到紫霞说：我只猜中了前头，却猜不中这结局。确实泪目了。,1
2017-05-01 15:07:20,Ü1,4,+3x2至尊宝：观音大士，我开始明白你的话了。以前我看事物，是用肉眼去看。但是在我死去的那一刹那，我开始用心眼去看这个世界。所有的事物，真的可以看得前所未有的那么清楚，原来那个女孩子，在我的心里面留下了一滴眼泪，我完全可以感受的到她当时是多么的伤心。 观音大士：尘世间（非周星驰导演）,0
2014-10-30 01:51:48,Icilian,5,台词字字珠玑，将不少原本显得低俗的搞笑桥段提升至了能带来人生感悟共鸣的层次，却又不像心灵鸡汤那么廉价做作。这是本片最大的优点，就我个人看来甚至要比电影里头角色的选择和结局更能让人回味。因此也不难理解为什么这样一部在当年并不红火的电影能随着时间的沉淀被越来越多的人嚼出心酸和回甘。,2
2017-04-14 16:23:05,汤神_Towne,4,之前没有完整的看过，今天看完感觉它难能可贵之处在于为日渐僵化的人物形象注入生动的时代内涵，集畏缩、顽劣、矛盾挣扎于一体的孙悟空，面对情感无法战胜的弱点更多的是作为人的部分特质表现出来。也许这就是不能开开心心做妖怪，不能安安稳稳当神仙，想做人却像条狗一样的原因吧。,3
2012-04-05 12:12:54,[已注销],5,世事浮沉，几多风流。看到青霞说，就算他回来，他又有什么本事把你从牛魔王的手上抢走。我忽然悲满心头。想来孙悟空大概也明白，要救紫霞，就要带上紧箍咒。可带上紧箍咒却又注定不能再爱。都说沾染世间尘爱是种罪孽。爱却那么痛苦，那这喜剧之下，反而更显荒凉。于是，只能“真像一条狗诶。。。”,1
2012-05-01 03:50:24,画画的黄,5,请你杀我时不让我马上死，把我的心挖出来，好让我在临死前看看我的心。我的朋友说，有个姑娘，把她最珍贵的东西留在了那里。——当你爱的那个不爱你的人爱上你时，才发现自己刚刚爱上那一个一直爱你的人。佛家刻意追求看破尘世，他已经看不破了。良缘孽缘皆是缘，心中住着的紫霞青霞，永远会争斗下去。,1
2012-06-22 11:00:39,潇潇,4,这tm的才是苍茫人生！！！！！！！！@sobertipsy @sobertipsy @sobertipsy @sobertipsy @sobertipsy @sobertipsy @sobertipsy @sobertipsy @poisonchaser @poisonchaser @poisonchaser @poisonchaser @poisonchaser @poisonchase@poisonchaser @poisonchaser,0
2017-04-23 01:21:15,St.Kirk,4,蒋先生生日集体观看。当年看不认真，对港片偏见，气息陈旧，我也不是任何形式的粉丝--都让我不能喜欢它。然而客观说是很不错，某种意义上很出色，当然与吹捧不能相提并论。陈旧粗糙的风格，不得不主动宽容，然而在这个前提下：故事精致，节奏恰到好处，人设很好地表现了欲彰显的些许思想，层次分明。,3
2019-11-02 11:00:31,天水围的日与夜,5,「这辈子我都不会走，我爱你。」隔了六年重看这部电影，生活就是这么奇妙，当初嘻嘻哈哈看过的地方，现在来看，哭得一塌糊涂。一个人的成长到底需要失去多少挚爱和伤疤。承诺的份量也许只有等做不到的时候才会痛彻心扉，永远到底有多远，永远也许就是现在，永远比明天永远多一天。,2
2012-03-03 12:42:37,艾达与英曼,4,重看这片竟笑不出来了。＂一生所爱，隐约在白云外~相亲，竟不可接近~＂五百年的轮回，终于明白爱的人是谁，却再也回不去原点，只是心里的一滴泪。,0
2007-10-18 12:44:47,tonight,4,曾经有一份真诚的爱情放在我面前，我没有珍惜，等我失去的时候我才后悔莫及，人世间最痛苦的事莫过于此。如果上天能够给我一个再来一次的机会，我会对那个女孩子说三个字：我爱你。如果非要在这份爱上加上一个期限，我希望是……一万年！,0
2010-10-13 15:53:40,smiling_fish,5,记得十几年前，我还是个刚上小学的孩子，看大话时咯咯笑个不停，连着看了五六遍，觉得很搞笑。可是前些天，偶然看见电视里在放，再看时，却已经笑不出来了。那些当年我觉得很恶搞很幽默的桥段，现在却觉得又悲伤又无奈。回过头看，当时自己真的太小了，很多事情都没有懂到，单纯的以为笑就是真的笑了。,1
2019-06-15 20:20:48,叶上初阳,5,心血来潮又看了柴静对星爷的采访，节目中星爷大概是说他跟孙悟空一样，人生也有遗憾，然后节目放了《大话西游》的片段。最后那段吻戏中的回忆，至尊宝把紫霞推开了，突然想起初恋女友对我说过的话“别再推开我了好吗（一个落寞的表情）”，唉，只可惜当初没有好好珍惜。之后很开心看到至尊宝和紫霞拥抱在一起，但最终孙悟空默默走开了，“他好像条狗啊”，是啊，当初的我好像条狗啊，像狗一样傻b。这部电影的结尾真是道尽了我没有珍惜初恋女友的后悔与遗憾。星爷说了好多让我很有感触的话，“人总是会变的”，唉；还有把他的遗憾总结成“我只是运气不好”，是啊，评分这么高，得有多少人跟他一样运气不好啊。,1
2021-11-02 19:45:14,与人间罪恶拼死,1,打一星的理由是台词说到了慰安妇，极其恶劣，无论别人说怎么经典，这句话毁了所有。,16
2019-05-30 23:59:08,像风一样自由,5,不可否认我长的很丑，但是我真的很温柔，说出了多少屌丝的心声,11
2017-04-27 20:06:50,ZLY,0,哪有什么西游记，哪有什么月光宝盒，时光倒转，不过是忘不了又回不去，刻舟求剑，孤独如狗，藏在荒诞可笑的世界里，带着面具和紧箍活着，在人生迎来一波又一波的爱如潮水，我都忘了你是谁，也忘了，我是谁，可不知为何，就自己在哭,1
2017-04-19 13:25:14,花大叔爱电影,3,好感已经消耗没了，冷饭都快被炒糊了！,9
2010-06-04 09:42:22,小.情绪,5,曾经有一段真诚的爱情摆在我的眼前，我没有珍惜，等到失去的时候，才追悔莫及，人世间最痛苦的事莫过于此。假如上天再给我一个机会，我会对那个人说三个字“我爱你”，如果要在上面加一个期限，我希望是一万年。,1
2019-06-04 08:39:26,冰冻冷汽水,5,我不要当猴子，我要去救晶晶。                        我猜中开头，但是我猜不着这结局。                人世间难逃避命运。                                           周星驰演技太好了。,2
2016-06-15 17:23:00,苏黎世的列车,4,【中影】时隔多年大银幕重刷，感慨万千，年少时以为这是一部喜剧，再看时是悲剧，一段跨越五百年的情缘，令人唏嘘，朱茵之后再无紫霞，电影之外有情人不能终成眷属，一语成谶。但愿来世那个意中人即使不是盖世英雄，也能踩着七彩祥云去接她。,0
2010-04-01 18:08:27,Ce♥,3,曾經有份真摯嘅感情放喺我面前，我冇去珍惜，到咗失去嘅時候，先至后悔莫及，人生最悲哀嘅事情莫過於此，如果上天可以再俾我一个機會嘅话，我會對果個女仔講三個字：我愛你。如果非要喺呢句說話加上一个期限嘅話，我希望喺一萬年！,0
2017-04-16 11:52:59,seanpan,3,真的很cult，很b级片…所以禁锢了七情六欲、肩负着使命孤独前行的人生就只能是像条狗？,5
2010-11-15 12:30:09,Tour,0,1995-02-04 / 周星驰 / 朱茵 / 莫文蔚 / 吴孟达 / 罗家英 / 蔡少芬 / 蓝洁瑛 / 刘镇伟 / 香港 / 中国 / 刘镇伟 / 刘镇伟 / 粤语 / 普通话,0
2017-04-15 12:56:11,质感老师,4,当时票房惨败不是没有原因的,8
2011-08-16 20:53:21,二姑娘嗲娃,5,“大话西游”刚出来的时候被誉为当年最烂片子之一，几年之后被誉为经典，而且是前无古人，后无来者的经典。导演叙事的手法，空间和时间的交错，天马行空的剧情编排，经典的台词，无不叫人称叹叫绝。我们说它是喜剧片，却又是部科幻片，但却又是部爱情片，它有着不可思议的深度，也有着不可思议的感动，,1
2011-04-19 22:44:33,小雏菊Daisy,5,"从前的我不懂，现在的我懂了。有一天，有那么一个人，身披金甲战衣，脚踏七色彩云，来，娶我……有这么一部电影，曾经让我欢笑，现在让我流泪……不管今天的刘镇伟周星驰如何，我永远感谢他们的曾经",1
2022-05-05 22:43:04,邮差总按两次铃,5,误会这片子多年，原来讲的是这样一个故事，会者定离，一期一祈。没有对错弱化善恶，港片也就这一部吧,3
2016-10-01 10:41:04,碧落亦然,3,从小年年电视里都会各种重播，可能因此也扣了几分，朱茵最美的时期,2
2013-04-08 22:41:10,脫繮的蛇肉堡,3,难道没有人觉得……这又是一部宣扬小三的三观不正的电影么……其实我是觉得没什么问题啦，只是我怎么觉得被至尊宝和紫霞爱情感动的人要比被小三感动的人多很多呢？是因为大家都assume小三是为了钱吗？//还是get不到星爷的任何笑/哭点，die alone的节奏……//美丽女人的固执叫坚持，美丽女人的莫名叫缘,1
2012-11-14 19:07:45,渗透,4,他流行了6年，他成为那个时代代表的电影，今天重温这部影片，更能体会到其中爱情的得与失，但是，相比现在的电影技术与内容，大话西游似乎剧情进展的过分紧凑，切过度性小，不过，还是很爱老电影，很爱周星驰年轻的样子，和他不朽的才华,1
2012-06-09 09:35:17,碧珞小Ro,5,元小贱你初中就看哭了是不是太早熟了？我是昨天看CCTV6重播才感受到此片浓浓的悲情。。。最惹人哭的不是紫霞死前的“猜不中这结局”，而是最后黄粱一梦的结局和悟空背对着城楼的那一转身落寞离去啊。原来导演玩的是意识流啊～,1
2007-08-23 20:40:29,weishan,5,故事发生在《大话西游》上一集《月光宝盒》之前500年。至尊宝被月光宝盒带回到五百年前，恰巧遇到紫霞仙子紫霞仙子曾有一誓言，只要谁能拔出她手中的紫青宝剑，就是她的意中人。不想宝剑被至尊宝拔出，紫霞决定以身相，却遭至尊宝拒绝。紫霞迷失在沙漠，为牛魔王所救。牛魔王逼紫霞与之成婚。关键时刻，至尊宝转世成为齐天大圣孙悟空，踏着五彩祥云来救紫霞。打斗中，悟空为救师父而放弃了紫霞，紫霞为牛魔王所杀.....,1
2014-05-20 16:21:59,Mr.杨,5,奇怪，我竟然没有马这部电影。,2
2011-12-30 14:11:24,Evil freedom,4,看电视剧西游记的时候就想着将来要嫁给孙悟空，等看完这部电影后这个愿望就更强烈了，虽然电影里的猴子很滥情,0
2017-12-11 13:44:21,巧克力可丽饼,4,虽然打戏大乱斗部分依然有点乱，我也没觉得好笑，但是感情戏部分的确挺经典的，难怪这虽是一部喜剧片，却被人们奉为了爱情经典，里面的台词也一直被人津津乐道。花心的孙悟空经过磨难终于成了情圣，却不得不割舍俗世情感。,0
2019-05-09 17:43:46,天南星膜法师,5,24年了，小时候看不懂，长大了还是看不懂，不懂与不懂之间又懂了些什么。感情会变，年龄会变，至尊宝爱白晶晶的偏执永不会变，也不会承认自己爱上了别人。最后双双看到自己的意中人在不同时空投入他人怀抱，他的滋味不知是苦是甜，但这段经历重塑了他的野性，赋予他人性，去成就神性,1
2012-07-17 14:20:59,忘川 水,3,比月光宝盒好看一点，仍然只能给到三星半。。。我想这部片子代表的时代意义早已经超越了影片本身吧~,0
2010-11-25 15:43:47,大福,5,他说他每年都会认真看一次、我最爱的、却是那个春十三娘。2013年、再看一次，被青霞跟紫霞的感情打动了，姐姐要远嫁英国了，很不舍，祝福她一定要幸福！,1
2021-03-05 17:38:19,秦山,3,补标。我一直get不到周星驰…,12
2019-06-10 10:38:59,Sophie,5,不成大圣，我无法救你，成了大圣，我无法爱你。你看那个人，好像一条狗啊！初见时，她不就是他的主人，他趴在地上像狗一样汪汪叫给她听吗？那时候的紫霞仙子真美，每一祯都像从画里走出来的人，清纯灵动，只可惜天妒红颜，希望蓝洁瑛在天堂可以有无忧无虑的快乐。,2
2022-05-19 19:48:33,STAYREAL,5,紫霞仙子神仙颜值，朱茵和周星驰的演技太棒了，一举一动直接击中我。最爱的对戏是城墙那里，至尊宝推开紫霞仙子的吻，低头再抬头的动情和迷茫，那一刻他就已经爱上了他讨厌的人，但是他没有意识到或者是不愿意承认。紫霞仙子是一个耽于爱情的小女孩，“只羡鸳鸯不羡仙”，直白坦诚，而且勇敢追爱，愿意为了爱情牺牲自己，执著地相信天意，如此动人如此可爱的恋爱脑。不得不说这部电影的完成度99%来自女主角。其实对于至尊宝的人设无感，不过他的作用就是贡献了好多好多有名的台词，比如男人在爱和不爱的时候都会说出的相同的话“曾经有一份真挚的感情……”结尾的镜头也很经典。,0
2020-01-12 17:59:14,金刚钻大王,5,经典爱情穿越片。朱茵紫霞仙子wink太美了。明明相爱却又不能厮守终生的遗憾。【我的意中人是个盖世英雄。总有一天，他会身披紫金战甲，脚踏七彩祥云来接我。我猜中了开头，却猜不到这结局...】喜剧部分也经典：人家郎才女貌天生一对轮得到你们这些妖怪来反对？；曾经..我没有..等我..如果..我会..only you~,1
2018-08-06 17:40:42,song,4,这部电影我在以前看的时候觉得好无厘头，而现在再回头我却明白了其中的道理。,4
2021-02-09 23:25:44,芙裳,5,先月光宝盒，再大圣娶亲。看一遍哭一遍的电影。男生大都忘不了前任，而对于女生来说，永远也回不去了。有一种爱叫做放手，而死赖着不放是不是也是一种爱？孙悟空爱的是白晶晶，至尊宝爱的是紫霞，可孙悟空和至尊宝明明就是同一个人。你不敢吻我，因为你还喜欢我？不要轻易相信一个男人的承诺。,2
2017-04-14 19:56:25,辛巴,1,给一星是因为我再也不相信爱情了 这可能是我这辈子最后一次看大话西游,9
2017-04-19 00:47:02,Meerkat Manor,0,所谓的加长修复重映版可以预见的只是并不可信的噱头。真正让我去重看的理由大概只有这可能是最后一次能在大荧幕上看到年轻的周星驰吧。从来没有笑中带泪过，也从来没被那些文青们的过度解读影响我的观影角度。我只想再看到那个年轻而充满创作热情的周星驰，重温那些或温情或疯癫的戏假情真的镜头。,5
2019-12-18 21:39:03,七月在野歪,5,重新标记一下，重映的时候和当时喜欢的男孩子去看的，这部电影金句频出，最心酸的还是“爱一个人需要理由吗”“不需要吗”“需要吗”，人没有办法控制自己的感情。ps：一生所爱真是我永远的泪点……,3
2017-04-14 00:36:28,鸟先生,4,这是我第一次完整地看完这部电影。小时候断断续续看过，觉得不好看，也没觉得多好笑，歌曲也很难听。后来总听说这部电影多经典，但今晚看完，没觉得多经典，只是有些东西突然看懂了，比如放下执念，比如勇气比尊严重要，也比如紫霞仙子说“爱一个人好难啊……”,2
2019-07-16 21:28:23,菠萝虾的电子猪,5,有些电影不能重看，儿时觉得精彩的电影万一现在觉得索然无味，就太可惜了；可儿时当喜剧的东西，到现在又是这样的五味杂陈。成年了，看的电影多了，再回过头去看去大话西游，一部片子在自己的心里分外重了起来。 我还有一件事想不明白：香港那个年代是怎么拍出这些东西的？这不是艺术片，就是大红大绿的那种大俗片子，按照王晶的说法，香港电影工业拍这个单纯是为了挣钱，这我也能感觉出来，那他们究竟是怎么留下了这么多影视留名的经典呢？,2
2010-08-03 22:55:13,🪶,4,再回首惘然如梦，醒了就是醒了，你取你的经，我走我的路。多年后大银幕再看，这个片终于被我自己拉下神坛，感慨自己真的变了好多，人生路还长，不做停留才能感知更多啊朋友们,0
2017-04-22 23:03:39,小样儿,4,经典中的经典，不同人生阶段来看这部电影，心境也不同了，以前是傻傻地笑，现在是傻傻地笑着哭,2
2012-03-09 15:58:10,Chevalier7,5,看一回觉得烂，看两回大声笑，看三回开始哭，看了几十回，有了多少想说却又说不出口的话，不知不觉，这部经典已在心底留下四个字：此生挚爱。我们都曾幻想过踏着七彩祥云神兵天降成为法力无边的孙悟空，活着活着却又惊觉自己与他人活的没什么不同。我们都曾天真的以为爱情会以自我为中心，直到有一天当你发觉你爱上一个你讨厌的人，这段感情才是最要命的！爱一个人需要理由吗？不需要吗？需要吗？不需要吗？那一年说者无心，二十年后听者依然有意。原来它早已道尽了人生的无奈，多少年过去了，你找到一生所爱了吗？,0
2017-04-15 01:17:45,盲盒刺客,4,看了重映，这才发现自己没标记过，不给这部电影打五星，出门会不会被周星驰的粉丝打死。虽然很俗，但还是要用这个梗，欠的电影票还清了，从此我不再欠你什么了。,1
2011-04-02 16:07:35,吉永那个小百合,5,虽然大话西游沿袭了周星驰的无厘头搞笑因素，但是片子的精髓并不是搞笑。每每看完总是有一种悲伤感萦绕心头，所谓物是人非，也不过如此了吧。在不对的时间遇到对的人，真是最最痛苦的事了。,3
2017-04-19 20:02:41,寞小寂,4,很好看 不过时  难怪重新搬到荧屏上,5
2017-01-08 14:53:13,了了,4,比上半部分好，但是被吹捧上天又让我觉得颇为诧异，那些由这部电影引发的“深刻”的爱情体会，我是没什么共鸣。,3
2010-08-24 01:33:20,moss,5,紫霞爱的是至尊宝 晶晶爱的是孙悟空 两个人都在错的时间遇到了他 曾经我以为自己是紫霞 后来发现了自己是晶晶 但是仍然希望是紫霞 可是 ...你曾经说 希望我能去你的心里看一下 是希望我也留下一滴泪么,0
2011-12-12 18:26:59,まるい,0,纠结至尊宝究竟是爱白晶晶还是紫霞的时候，终于发现在爱情里自己从来都坚持只能爱一个人。想想真是荒唐。谁规定一生只能爱一个人又真正有谁在生活和现实下只爱过一个人呢？ ps：紫霞姐姐真美。,0
2019-05-30 23:53:34,日落,5,朱茵看周星驰的眼光都是发光的，眼里满满的都是爱意,12
2017-04-16 20:17:41,橙子换马甲,0,莫名看到购票链接就去看了一下，果然完全不记得是讲什么的了，而且为啥是第二集，有点想看莫文蔚啊。。感觉节奏有点慢，作为当年的香港搞笑片倒是蛮干净的，结尾夕阳武士羞耻感动。。关键是人好看，老年人审美已经停滞，再也没有年轻人让我觉得好看了。。,0
2021-02-15 23:10:40,Mr.Graceless,5,六年半后蓝光1080P重温，每次听到各种版本的《一生所爱》，眼前就会浮现无数画面（尤其是缩紧的金箍让孙悟空放手，紫霞仙子随风飘去的瞬间），首屈一指的华语电影歌曲。五百年的爱恨情仇，终究化为一场大梦，孙悟空转过背影的一瞬间，真是说尽人生的悲欢离合。相较于前作，其实更多的经典桥段出现在本作里，至尊宝的「曾经有一段真挚的感情…」的经典长段台词啦，脚踏七色祥云的至尊宝啦，城门楼上对视的紫霞仙子和夕阳武士啦，但两部才构成一个充满荒诞与缺憾的故事。如果说前作留下了巅峰蓝洁瑛的话，本作留下的就是巅峰朱茵了，她一颦一笑眼波流转之间，演活了紫霞仙子这个简单直率的恋爱脑女生，为真爱不惜任何代价，不顾任何眼光，她美好得只存在属于电影这场梦境，换任何一个人演这个角色《大话西游》系列都不会成为经典。,0
2022-09-22 21:13:13,三岛,5,第一次看是在初中的周末，那时看完觉得有点无聊，剧情、人物关系也云里雾里的。当年大陆重映时，带着豆瓣的一些偏见与自己的第一遍感受，便没能去影院好好的沉浸一番，当时有一个观看的机会摆在我面前...要说转变的原因，倒不是因为有了更多的经历，只是单纯的被叙事所感染，要说这部作品的缺点有很多，视效过于粗糙（时代因素）、高潮点过于集中、人物镜头使用较为极致（各种倾斜、仰拍）。但叙事却很打动人，再细碎的剪接始终都是被窜在一条主线上，轮回转世的概念到最后似乎剪不断理还乱了，不妨就认为是一种bittersweet的合理想象。再加上本片剧情上或信息过于密集以至于观众无法全盘接受又或信息过于扁平以至于观众无法get到表达之所在，但最后达到的效果都是满足了观众结合自身经历的合理想象。另外本片的缺点还有那几句台词，但成为经典便无从诟,0
2010-09-04 11:50:49,Serena 1.0,4,第二部比第一部好看。就是说至尊宝在救晶晶时光倒流的路上，爱上了紫霞的故事。紫霞天真的爱情真的很感人。经典台词也一堆。在心里留下了一滴眼泪；我猜到了开头猜不到结尾~~~问题是，至尊宝被晶晶她姐杀了，看到心里的眼泪，那里他不是死了么？虽然15年后重看，发现很多漏洞和粗糙，仍然瑕不掩瑜,1
2006-04-03 00:20:24,传说,5,"又名: 西游记大结局之仙履奇缘 / 大话西游之大圣娶亲 / 齐天大圣西游记 / Chinese Odyssey 2: Cinderella导演: 刘镇伟 (Jeffrey Lau)主演: 周星驰 / 朱茵 / 吴孟达制片国家/地区: 香港特别行政区上映年度: 1994语言: 广东话imdb链接: tt0114996",1
2022-12-09 21:13:50,フーちゃん,5,“曾经有一份真挚的爱情摆在我面前，我没有珍惜，直到失去的时候才后悔莫及，尘世间最痛苦的事莫过于此。”结尾夕阳武士的出现，堪称本片的神来之笔，当夕阳武士苦苦挣扎于理想和爱情到底选哪个时，悟空来了一个神助攻，一切不过是临门一脚，不过人生就是难以圆满，鱼和熊掌不可兼得，夕阳武士选择了爱情，而悟空选择了理想，人生中的悲剧色彩一下就出来了。,1
2017-04-17 23:52:52,晚,4,看得我好抑郁 几次想哭又哭不出来,4
2011-08-21 20:30:52,语焉,5,游戏人间，但真正的爱又在哪里？是愚弄世人，还是被世人愚弄。如果有种办法能救她，虽然最后是生离死别，我能否下得去手呢？我希望有一天，那句话最终说出口，跟我的真爱，一起创造新生，一起慢慢变老，一起走向死亡。多说一句，那时候朱茵好美，至少她的角色还相信爱情，我只能让别人相信了。,1
2020-03-08 16:12:32,司徒雷登不要走,5,作为下集实则前史，安排果然“月光宝盒”。1.英译名：辛德瑞拉，有意思；2.世间难得紫霞仙子！聪明灵动，能猜到开头，因为只需要自己心念的坚定，猜不到结尾，因为要去别人心房里求问。心里留下一滴泪。太浪漫；3.发现没，紫霞和至尊宝的对话都是“你骗我，你别骗我”，最经典的台词，源于谎言。最情笃的爱情，还要刨心来看。这才是大明白；4.别叹紫霞，别当爱情片看。世间多是不懂爱的至尊宝，真诚的爱情？还要看你配不配；5.戏外男女的恩怨也很精彩，改番外都是戏。,0
2022-08-31 21:15:33,bubudeer,5,我以前是不愿意看这两部电影的。第一怕闷，第二怕不知所云，第三怕长，第四不喜结尾沉重的悲剧。可是我看到了紫霞对至尊宝毫无保留的爱，也看懂了孙悟空无法抓紧紫霞的痛苦。紫青宝剑就是他们之间的缘，缘分是上天注定的嘛，没有这么多为什么，爱了就是爱了。也看过其他影视版本的孙悟空谈恋爱，结果还是周星驰和朱茵最配，最令人惋惜。如果是他俩，我可以同意让孙悟空谈恋爱哈哈哈ps：在这部电影里意外地发现周星驰很帅，尤其是至尊宝认真地在摊子边跟紫霞掰扯拿月光宝盒回去救人的时候,0
2014-10-08 20:43:52,灰色堡垒,5,年少时一直不懂，到后来终于被感动。,2
2013-06-21 02:17:25,Shudoku,3,嗯。。。思维再怎么跳跃无厘头，最后看得还是挺心酸的。说白了还是夸张又混乱地说明了男女之间的感情态度之差异。其实故事直接反映了周星驰与朱茵之间的辛酸往事吧。三星半。总之取代不了“天下无双”。,0
2012-11-23 21:06:37,七黛.,4,经典自有理由。扣掉一星是因为结局归结为梦；还有我是白晶晶派，虽然紫霞也很好，但点痣、留泪总有种“真爱由天不由我”的无力感……虽然全片都有这种兜兜转转力不从心的苦情气氛。此情可待成追忆，只是当时已惘然。,0
2012-12-16 09:55:40,晃,4,猜中了开头，却没有猜中结局。。。注定结局的东西那还是不要开头。。。还是开心过就开心过好了。。。木,0
2007-04-23 01:27:43,飞天猪,5,故事发生在《大话西游》上一集《月光宝盒》之前500年。至尊宝被月光宝盒带回到五百年前，恰巧遇到紫霞仙子紫霞仙子曾有一誓言，只要谁能拔出她手中的紫青宝剑，就是她的意中人。不想宝剑被至尊宝拔出，紫霞决定以身相，却遭至尊宝拒绝。紫霞迷失在沙漠，为牛魔王所救。牛魔王逼紫霞与之成婚。关键时刻，至尊宝转世成为齐天大圣孙悟空，踏着五彩祥云来救紫霞。打斗中，悟空为救师父而放弃了紫霞，紫霞为牛魔王所杀.....,1
2009-10-22 20:00:43,島,5,"我的心上人是一个盖世英雄,我知道,有一天他会身披金甲圣衣,脚踏七彩祥云,在一个万众瞩目的场合来娶我。你说 ，为什么我就这样爱上你了呢",1
2010-03-08 10:11:35,往事如烟,5,爱与死，我们都无力抗拒。你能逃得掉爱的宿命，我却避不开死的结局。在城墙上，紫霞因为听到一句“像只狗一样”而笑了，至尊宝，你知道么，这是你最后一次让紫霞笑。,1
2017-04-23 13:59:45,豆油酥旮,3,不算认真地看完了这部片子，在这之前。我没有看过任何的网上的分析，以我个人的角度，不想受任何人的影响。对于时空倒流，平行时空，阴差阳错，很有想法但是没能好好表达的一部电影。紫霞的爱是什么呢，我不知道，但是朱茵很动人。,2
2019-05-31 00:23:30,weiwei1989,5,以前陪我看月亮的时候叫人家小甜甜，现在叫人家牛夫人,8
2017-04-24 08:31:41,摇尾巴,4,为了朱茵特地去看的，为了情怀买单,5
2019-11-23 08:35:18,张无慢,5,超高难度的剧作在手掌心自由玩耍,3
2020-07-27 00:54:37,独孤欢喜,5,9.9的票价相当于不要钱又看了一次周星驰。出了影院很认真的问男朋友有没有失去过很喜欢的人，他笑了笑说有，又问他后不后悔，他也很诚实的回答很后悔。他也反问了我这两个问题，我告诉他有过很喜欢的人，但是不后悔失去。他问我为什么，我没敢回答。其实长久在一起并不一定是最好的结局，就像现在的我们，隔着座位，看着看了无数遍的电影，回忆的却不是陪在身边的人。好的结局有一万种形式，携手终老是一种，相看生厌前放手也是一种，分开以后延续缘分又是一种。遇见新的人，彼此信任，坦诚相待，相敬如宾，也没人说这不是爱情。漫长的一生，我们总要爱上许多人，经历不一样的爱情。,3
2010-01-01 14:00:45,Wallys,3,設計了一個假設的時空命題（不過是，關係上的錯落），表演咬著表演，戲中扣著戲子，上下部觀之，良有以也地壞品味的痛快。,0
2008-04-30 13:41:42,rola,4,第一次看是小学的时候，觉得乱七八糟完全不明白。最近一次看大学毕业那年，跟猴子在她宿舍，仍然很好看。,0
2021-03-30 15:33:41,lisa|离,5,看了好多遍想明白了一个事，为什么只有白晶晶转世以后有跟至尊宝无关的结局，因为她是唯一一个主动放手的女的。不否认谈爱过，但不一定要一直拥有，暗示了以后莫文蔚分手的态度啊。虽然西游是星爷的情感自传，包括后来的电影都貌似深情表白了娟妹这个初恋，但是真的可能是他对往事的意难忘，而不是字面理解的一生所爱。从女性角度娟妹就是谈了个虽然人不错但是真的不懂谈恋爱的前男友吧？难忘的其实是自己的经历而不是某个人。想想你自己也谈过要么很有才华，要么长得好的人，到现在还很回味，更甚之是可能有追过你的但是你考虑现实给拒绝了，或者睡过的，或者只是想睡没有大胆约上的人，都会有想回忆的一个瞬间，这些不都是自恋式的意难忘嘛？或者像星爷那样感慨当年要是怎样怎样就好了，人之常情。星爷真的跟初恋结婚了就会幸福吗，不一定啊？,0
2019-06-23 08:52:36,乔芝,5,紫霞仙子和至尊宝的爱情真的会让我一生遗憾💔💔💔“我的心上人会踩着七彩祥云来娶我”🔸“希望有份真挚的爱情摆在我的面前，我没有珍惜，等到失去的时候才后悔莫急，人世间最痛苦的事莫过余此。”🔸“如果上天在给我一次机会，我会对那个女孩说我爱你。”🔸“如果要在这份爱上加个期限，我希望是一万年。”,1
2014-08-11 00:48:23,鹿君,4,其实以我的智商。。。。并没有太看懂。。。。。_(:з」∠)_,6
2012-02-08 22:33:14,影瘾继,5,几年前没看懂大话西游，还以为是个喜剧。今天重新看了一遍，却莫名的想哭。爱上一个人需要理由吗？不需要吗？需要吗？不需要吗？需要吗？,1
2018-04-30 23:49:21,周茨比的黛西🌈,2,如果我说我get不到这部片子会不会被打……可能不是那个时代的人吧，没什么情怀，这个剪辑 我不太懂。,7
2008-12-01 23:51:45,濛濛,5,也是部让人对爱没信心的片子。追评：过了十年，发现正相反，有这样的爱，才是爱。,0
2019-04-12 16:51:05,宁静致美,5,那时候各种无厘头的搞笑场景尴尬的几乎看不下去。十几年后再看到这部片子，在《一生所爱》音乐响起的时候，已忍不住泪流满面。,1
2010-03-30 21:49:44,缘三,5,第500。历史性的数字。当然属于历史性的大话西游。仙履奇缘才是本片的精髓所在，一个痛彻心扉的爱情悲剧胜却人间无数。至尊宝撕心裂肺的咆哮和扛着金箍棒孤独落寞的背影，看得清泪两行。我穿越五百年回来找到你，一生所爱，却不能相爱。相识已是一种罪过，情深必是一种堕落。我爱你，我不想要个结局,1
2020-05-06 22:43:56,kylegun,5,心中留下一滴泪，谎言成真，辛苦两位磨豆腐了！看完第二集终于get了,1
2010-02-07 23:21:21,丸子猫,5,"命运如此不可捉摸.如若我们是看透的那个人,500年后,是否愿意只是一个亲吻.",1
2016-11-03 22:15:36,白开水,3,比1好看多了，尤其最后星爷的转身，很悲凉，令人唏嘘，朱茵是很美，莫文蔚也从未觉得她这么美过，结尾孙悟空吃着香蕉回头看了一眼，不再废话的唐僧，不再吵架的师兄弟……眼前的一切似乎都是一场梦…,1
2015-04-25 01:31:05,波吕许尼亚,5,核心就是爱情和命运的无理由性、不可捉摸性、难以把握性。然而不管怎样荒唐，它们却真实地刻印在自我上面。痛苦即由此而来。,3
2018-06-13 12:05:03,奶油小方,5,和第一部一样，前大半部分一直很无感，但是最后看完以后，真的泪流满面停不下来，有一种说不清楚的无奈和悲哀，不能一直想，越想越难受，这电影后劲太大了。【我的意中人是个盖世英雄 有一天他会踩着七色的云彩来娶我 我猜中了前头 可是我猜不着这结局】【你看那个人 好像一条狗哦】这两处太戳心了QAQ【9.2】,3
2019-07-02 09:54:31,Liz,5,紫霞一开场老厉害了，耍得二郎神团队团团转，从知道至尊宝是她意中人之后怎么突然就越来越弱了？难道是牛魔王太强大？结尾至尊宝看着两个转世墙头对峙那里，至尊宝附身转世的自己，完成心愿，转头走了，女主看着他背影却说他像只狗，感慨。,1
2019-04-22 22:26:18,京城最beauty,5,一个假期回顾了大话西游系列 真真切切地感受到了至尊宝,2
2010-09-27 16:14:06,vva,4,我不能说这电影有多么多么好也不用提到那段台词~是因为这音乐：一生所爱（当然不是only you！）,0
2021-05-19 13:42:15,愿温柔以待,5,梦里念她千百遍，那滴眼泪，藏在心底；我掏出了自己的心，却再无人看到我对你的片片痴情。我化作情人，做了一回世人，原来一次简简单单的拥吻，也能造就一段真情，可叹命运不能更改，一生所爱皆是感叹，莫笑我多情，只是世上从此又多一个苦情人……,2
2012-02-21 22:52:24,想不想堆个雪人,5,好像一只狗哦。。。小时候看不懂，到了高中时重新看过，结尾无奈的背影，泪如雨下,0
2011-05-12 22:41:51,我看不见美好。,5,我的意中人是个盖世英雄，有一天他会穿着金盔金甲，踩着七色的云彩来娶我。我猜中了前头，可是我猜不着这结局……,0
2017-04-14 18:25:12,陆小小可,5,“一遍烂，两遍笑，三遍哭。”这应该是对本片最好的诠释。句句催泪的台词，过目难忘的桥段，成长过程中历经磨难，是顺应天意，还是追寻一生所爱，无论怎样的选择，都会戳中内心最深处。看了加长版，画质有提升，说炒作也好，说卖弄情怀也罢，但它让我笑过哭过，痛过感动过，在我心中，它依旧是满分。,3
2013-02-16 23:32:08,DennisZz9,5,2013.02 为了给星爷新作预热，在家把《大话西游之月光宝盒》和《大话西游之大圣娶亲》两集联看了一遍。经典之所以成为经典绝不是偶然的，虽然现在看来制作稍显粗糙，但无论故事结构、剧情设计、经典台词以及星爷朱茵等的精彩表演……让人不能不大爱啊！,1
2017-04-26 22:16:34,momo,5,“那你又知不知道 我已经不再是神仙了。”,4
2013-02-11 15:25:17,E.E.Cummings,5,以前记得最牢的台词是「吹个球吹个大气球吹大了气球玩球球」现在是「我猜对了开头却猜不对结局」这死猴子大摇大摆离开时，心里肯定在说，会有一个人替我好好爱你。「当你还不知道执念为何物时你就深信不疑，从此再也回不了神。」「你懂自己的时候，一切都回不去了。」「有时候你都不知道自己已经变了。,1
2017-04-15 14:32:15,玫瑰の名,4,原来只有在紫霞眼里，他才永远都只是至尊宝。,6
2022-04-29 07:05:53,苦難與陽光之間,4,西天取经的路上遇到了爱情，之后的一生里这份爱都深深的烙印在了椰子大的心里，五百年后还是一万年后在另一个世纪遇到你，默默把属于你的吻还给你。编剧和导演真的创造了好多经典的台词和画面，倾斜的角度和简单的置景就可以拍摄一部非常饱满的故事了。不成大圣，如何救你，成了大圣，如何爱你。,1
2019-03-24 01:24:58,Aaron Yan,4,“这时候的孩子都是玻璃罐里养蛤蟆，前途光明出路不大。”而你说，在妈那里自己永远是个孩子。居然再贴切不过。大闹天宫无非是20——22岁的黄金时光罢了，找到工作走上社会任你盖世的才华、浑身的个性也自有翻不出的五指山来压。只有戴上紧箍咒取经去，九九八十一难，做一个奇奇怪怪的佛。　　你别无选择。五百年后的悟空叫至尊宝，在五岳山从事一份很有前途的职业——山贼。命运却要他扮演孙悟空，至尊宝只是个过渡罢了。　　蜘蛛精来了，白骨精来了，菩你老母来了，牛魔王也来了……都是棋子，安静地立在命运棋盘的中央。　　他的路线是早定好的：（1）一个人给他三颗痣（2）戴上紧箍咒（3）打败牛魔王（4）西天取经。,1
2019-04-28 16:02:51,斯羽,5,原本他以为白晶晶是一生归属 于是为她穿越500年 辛苦劳顿 费心费力 眼看着一切得偿所愿他却又遇上了紫霞 更漂亮 更炽烈 更是所谓的上天注定他心底告诉自己 不是的 我是只对晶晶死心塌地的人啊 但却抑制不了自己梦中七百多次的喃喃自语终究那“不成大圣无法救你 成了大圣无法爱你”的传奇 是他与紫霞的传奇而已,1
2008-09-21 19:13:05,壹壹,5,我的如意郎君是个盖世英雄，有一天他会驾着彩云来娶我。没想到我猜中了前一半，却猜不中结果,0
2015-09-04 22:26:28,淋,4,但愿能找到一个我爱的，并且爱我的人，虽然这很难。毕竟孙悟空再厉害，也不是那个深爱紫霞的至尊宝了·········,3
2020-05-06 23:56:30,妍春,5,豆瓣TOP250补标。少年记忆追忆。个人认为这是最好的周星驰（影片）——内容厚实，余韵无穷。以往的佳作如《九品芝麻官》《唐伯虎点秋香》还都落在大团圆的喜剧结尾，只这一部，代表了周星驰先生对生活最深切最绝情的爱。,0
2020-01-23 00:48:05,观影小施,5,大圣娶亲，看完以后我觉得并不应该叫喜剧片，因为里面的搞笑的部分，我认为其实并不好笑，但是整个影片其实是对爱情人性的思考，用至尊宝悲惨的感情来阐述了整个的故事。所有的精髓我觉得都熔炼到了最后的那句，他好像狗，所有的心酸都涌上心头。在周星驰的电影里，真的很好的诠释了喜剧的内核是悲剧。,1
2009-10-27 18:29:15,法爷就是Faye,5,看月光宝盒的时候我以为我是白晶晶 看仙履奇缘的时候我希望我可以做紫霞 但是结局是 我不过一个失去了爱情的至尊宝,0
2017-04-20 22:58:19,专业做题鸟师傅,5,逆七个肺。天庭和西天大佬们下得好大一盘棋，既消灭了灯芯的不稳定因素，又同时制服了猴子，还顺带剿灭了牛魔王割据势力。看多少遍都还是被煽得稀里哗啦的,3
2010-08-19 20:56:49,小知儿,5,"你去你的未来，我去我的未来。 我们只能在彼此的梦境里虚幻的徘徊。 十年之后，你终于看懂了。。。吗？",0
2018-04-28 20:09:25,Rábano,3,7/10前面我真的觉得三观不正，紫霞不就是一个傻的可爱的xs吗，至尊宝也很渣男啊，留下一滴眼泪就移情别恋变成最爱的人了emmm，你还不如直接说看脸。不过结局很加分吧，为了戴上紧箍咒我只能放下你，但只有戴上它我才能救你，五百年后进入他的灵魂了却我想吻你的遗憾。,3
2017-02-01 19:10:59,斯坦利•赵,5,每次看到最后时总能被那婉转的主题曲所打动。,3
2009-08-04 13:14:18,暖暖旋风,5,和上一部一样的好看其实我一直想说，看似无厘头的话里也有真理的啊,0
2010-07-10 15:58:59,谁的某某依,4,一步错步步错，又或者真的是天意，无法改变的结局，又或者这样的结局才是最好。开始新生活吧。,1
2019-05-31 00:51:26,走钢索的胖子,5,在无能为力的年龄爱上了一个自己喜欢的人，注定是个悲剧,4
2010-03-05 10:12:46,wcl,5,如果没有这部电影，周星驰的喜剧只能是无厘头，不会给人大笑之后的泪花和感动。这大概是让我早恋的电影。用这样的方式表现事业或者命运与爱情的矛盾，表现世俗和伦理与不羁和自由的与碰撞，强烈。纵有这般本领的人还是要看到爱人远逝、香消玉殒，这种痛苦不是紧箍咒能比拟的。,1
2018-01-01 11:13:06,Zutto,0,大话西游上下部抽了一整个晚上连在一起又看了一遍，之前在电视上看总是碰巧看的，从来没有看过完整版。剧情真心无敌！超搞笑！,0
2019-12-14 13:24:07,元宝酱,5,很多年后终于明白，不管是晶晶还是紫霞都只是铺垫，没有她们也会有其他人，而孙悟空最后的路是取经，从开始便已注定。主动选择也好、世事变幻也好，一切的人和事只是为了让你义无反顾地去西天取经。你看那个人，好像一条狗哦，要加一个期限的话，大概是一万年。,1
2019-06-03 00:21:19,秋绪,5,竟然没打过分？罪过罪过。                             7.22更 看你豆瓣 才发现你最近在刷豆瓣250 理论上你再刷那些你没看过的，譬如《霸王别姬》《肖申克》等，但《大话西游》我跟你看过，但就看了一半就睡着了貌似。所以也不知道你会不会看到这部，等你看完想看下你会写怎样的短评。我应该跟你讲过的吧，大话西游是我最爱的电影，开启了我对电影无限热情的动力之一。以前就对自己说，一定要找一个愿意跟自己一起看大话西游的人。结果，人生如戏，戏如人生，就如你跟我看大话西游就看了一半，我们的爱情却连一半都没到就戛然而止了..白天刷抖音说大话西游要全国公映了，24号，按你每天一刷的进度，我猜你也差不多会在24号能看到大话西游，你知道它要重映的消息了么。我们会在电影院偶遇到么……,1
2011-01-26 18:14:09,安小九,5,很小很小就看过 非常惊诧电影可以这样子的。长大后再看 我只想说:紫霞 至尊宝对你不起 然而我们再也回不去  那也许也是好的。然而我心心念念的始终是白晶晶。,0
2012-05-26 23:18:07,△̶,4,你爱我我爱他，冤冤相报何时了...女人总是这样，爱人飞蛾扑火在所不惜。男人总是骗人，但总是有人会信。当我们拥有的时候不知道珍惜，一直以为是前缘未尽，但是手中的却不知道好好抓住，失去了又为这一段感情忏悔。什么时候情感弄明白爱一个人是不需要理由的。和妞妞又看了一次她不很懂17.4.15,0
2008-08-21 15:18:30,U 兔,4,当时看的时候并不知道怎么经典，只是莫名的喜欢，后来大家都称之为经典了，反而不认识这个片子了～还是爱情呀！,1
2017-08-09 01:12:36,浮生若屎,3,总算看完这部脍炙人口的片了，发现好多流行语都出自这里啊。可是放到这个年代，第一次看的我并不能体会个中感动...倒是求而不得的感觉确实很痛苦。,1
2012-06-09 02:43:15,许次,3,哦，小学时候看过，那时候还看过影评煞有介事结构周星驰的后现代性，不过那时候我竟然没看出感动来，真是不解风情啊,0
2019-01-17 23:50:35,卡里加里博士,5,94年的周星驰肯定没有听鲍勃迪伦的《金发叠金发》，而深谙纽约地下的王家卫扮演的是安迪沃霍尔的角色，正如那句坊间谚语：郭达早已看穿了一切……,2
2011-06-29 13:57:22,无名贱客,5,"看了不止百遍,以后还会迎来我的第一千遍.电影给人无限的想象力和沧桑感,最喜欢看结尾那一段和开头那一段.当电影做好这两段,离好字不远了.(2017年5.21日再看加长版..最大的感慨朱茵真美，时光飞逝，星爷老了我们也老了）",0
2011-11-07 17:50:52,MW,5,"白晶晶要找的是孙悟空, 可爱上她的是至尊宝, 紫霞要找的是至尊宝, 可爱上她的是孙悟空, 如果500年作为轮回都不够长久让我们找到一个对的人, 那爱谁又有什么分别",0
2010-06-13 14:05:48,热心网友,5,"人是人他妈生的，要是要他妈生的。。。做妖也要有颗仁慈的心，做妖也有颗仁慈的心，那妖就不是妖了，是人妖。。。从至尊宝戴上金箍踏上七彩云去就师傅之后，关于紫霞的一颦一笑任何一个细节都在深深触动着我。。。猜到了前头，却猜不到结局",1
2011-10-24 19:23:24,润昕,3,我还记得我第一次看这个电影，我在电影院睡着了。我好像在读小学,0
2017-04-22 08:00:14,三肥家长,0,讲真第二部没有月光宝盒好看（搞笑）。不过胜在朱茵够美。第二部解了第一部的一些伏笔。两部放一起看就不觉得紫霞和至尊宝的故事动人，因为生生演了一个人在很短的时间里变了心orz而这人在第一部甚至愿意为之前爱的人去死。摊手。（170416五人集体重温）,2
2017-04-11 14:30:10,已注销,5,朱茵好美，周星驰一直这么优秀,4
2013-03-19 09:59:42,包子,5,再次回顧經典，前天無意聽了一遍《一生所愛》，就只好再把電影看了一遍：苦海，泛起愛恨在世間，難逃避命運相親，竟不可接近或我應該相信是緣分,0
